customer_id,prob_repeat_90d,projected_orders_6m,projected_clv_6m
C100000,0.14814186783148542,0.29628373566297084,80.80622465797994
C100002,0.3636703468907181,0.7273406937814362,174.99981561648588
C100004,0.056370727820410575,0.11274145564082115,40.17377877901021
C100005,0.20144153402118412,0.40288306804236823,75.67151269020533
C100007,0.06269790864644098,0.12539581729288196,52.736047998344446
C100009,0.36867113165466137,0.7373422633093227,235.86309611804776
C100010,0.23956452884979498,0.47912905769958997,144.64900712326917
C100011,0.23935012735334593,0.47870025470669186,113.28899514136936
C100012,0.26111015856996905,0.5222203171399381,108.25369601164616
C100014,0.057204677142292416,0.11440935428458483,43.205650665613355
C100015,0.13346621310723952,0.26693242621447905,112.25021296260283
C100018,0.07331384900970758,0.14662769801941516,20.5819671794485
C100019,0.41725887713470183,0.8345177542694037,86.49530927153086
C100022,0.13814540556918117,0.27629081113836235,74.40775428936652
C100028,0.2133690587226588,0.4267381174453176,135.27619841634967
C100030,0.35155561015346914,0.7031112203069383,78.43077205720581
C100031,0.07425471126443296,0.14850942252886593,71.30902773373306
C100033,0.06705172264907405,0.1341034452981481,51.62438882997171
C100034,0.26595691884633804,0.5319138376926761,235.771816565942
C100045,0.04960395450726535,0.0992079090145307,24.31447894740142
C100046,0.3391702566422792,0.6783405132845584,323.98823241010393
C100047,0.5643410839721766,1.1286821679443533,358.4521858209287
C100048,0.06373292690795096,0.12746585381590192,44.050090908587286
C100049,0.1474202418417777,0.2948404836835554,65.98507104851399
C100052,0.349350886434347,0.698701772868694,262.049102323594
C100053,0.039894165438389965,0.07978833087677993,37.943761947010046
C100054,0.2234617939433553,0.4469235878867106,95.26422056150305
C100057,0.22467587665353853,0.44935175330707705,204.99631198775296
C100058,0.07174423120869405,0.1434884624173881,23.052727402334543
C100059,0.4784428009402129,0.9568856018804258,256.4457558578704
C100064,0.5285077637644852,1.0570155275289703,156.79012675390294
C100065,0.07643507370034772,0.15287014740069543,52.32877599051756
C100066,0.7046436912785834,1.4092873825571668,350.42076591642655
C100067,0.14592944360319582,0.29185888720639164,64.50251423821513
C100068,0.5466881272551517,1.0933762545103034,368.2511032010949
C100069,0.3331716000180432,0.6663432000360864,145.7126999134342
C100072,0.0414324242720154,0.0828648485440308,42.92476259628538
C100073,0.3618023820764387,0.7236047641528774,192.69503706381607
C100075,0.10131139469272096,0.20262278938544193,6.20553359322888
C100076,0.10987819489773752,0.21975638979547504,65.33852933362981
C100077,0.7332055523709102,1.4664111047418205,2165.6923338540237
C100080,0.04445871106971999,0.08891742213943998,24.206634294159752
C100081,0.9307511662819772,1.8615023325639544,439.04008825143717
C100082,0.5400684237958168,1.0801368475916335,172.2566532015621
C100083,0.14012062688189503,0.28024125376379005,92.42957922131522
C100085,0.25025502436755204,0.5005100487351041,259.36445787761295
C100086,0.40646451412579016,0.8129290282515803,230.30856418809813
C100087,0.2098156031090695,0.419631206218139,104.93913876364483
C100090,0.16925573775547514,0.3385114755109503,67.91607226742562
C100091,0.5913685189737434,1.1827370379474869,308.23983478314346
C100092,0.33813123903557085,0.6762624780711417,156.45430446803894
C100093,0.14662959898648562,0.29325919797297123,90.52814385810798
C100094,0.038936784487362916,0.07787356897472583,38.88967836860811
C100095,0.3369419941563417,0.6738839883126834,189.7789160704927
C100096,0.048572481119683375,0.09714496223936675,23.533759440034416
C100098,0.03462998491083487,0.06925996982166974,24.892372097448472
C100099,0.17574794255972656,0.3514958851194531,90.37452983793784
C100100,0.3969639635600429,0.7939279271200858,191.7333039986159
C100101,0.2745230416177797,0.5490460832355594,78.84199535447586
C100102,0.23331277448178775,0.4666255489635755,206.42754601662324
C100103,0.4427634116182156,0.8855268232364312,361.9834417363334
C100104,0.6237171085848343,1.2474342171696686,225.28546952863678
C100105,0.7420567089925442,1.4841134179850883,153.21388755589425
C100107,0.040724117843274475,0.08144823568654895,31.545845034976637
C100109,0.46301442073300614,0.9260288414660123,202.68778232208533
C100111,0.12992284012433258,0.25984568024866517,91.04904731157103
C100112,0.27022228498777645,0.5404445699755529,1901.67882163482
C100113,0.046933720193650254,0.09386744038730051,23.091541666575914
C100114,0.6346575754693641,1.2693151509387282,220.55282069749467
C100115,0.03875017209171107,0.07750034418342214,14.977254784149569
C100117,0.32389385719602776,0.6477877143920555,85.73536619201474
C100120,0.06517836747023409,0.13035673494046818,21.499385098567704
C100121,0.776435331581321,1.552870663162642,227.63242338883046
C100122,0.32283391059242217,0.6456678211848443,109.59678949258216
C100123,0.2720431662636814,0.5440863325273628,247.2082218376308
C100124,0.39672638098691704,0.7934527619738341,164.97726061824204
C100125,0.15819752440804544,0.3163950488160909,45.13495752618153
C100126,0.054067371955143675,0.10813474391028735,26.661721938481513
C100127,0.040250049457279884,0.08050009891455977,11.366861040581169
C100128,0.03773541814181815,0.0754708362836363,33.511671258598106
C100129,0.2097074980796991,0.4194149961593982,126.52330722415573
C100130,0.3136556783758751,0.6273113567517502,134.50520490890585
C100132,0.1300726452139349,0.2601452904278698,85.63947393747803
C100133,0.42627817890156666,0.8525563578031333,110.02309872046686
C100135,0.586301590218552,1.172603180437104,123.74550165449638
C100136,0.14679468255010966,0.2935893651002193,72.79027357418934
C100138,0.5453886287598884,1.0907772575197767,197.37703566521293
C100139,0.49083305168135855,0.9816661033627171,343.9218742789428
C100141,0.1588178165917592,0.3176356331835184,92.61660865646951
C100142,0.6280888140447507,1.2561776280895014,186.44873098440485
C100143,0.04838806149496842,0.09677612298993685,0.0
C100144,0.2943167987546316,0.5886335975092633,195.76731822106652
C100145,0.0868681707080005,0.173736341416001,53.99187170513605
C100146,0.05190481746229656,0.10380963492459312,16.965554088790995
C100147,0.7554394532521408,1.5108789065042816,491.3491799319993
C100148,0.1630615080546554,0.3261230161093108,92.70763280703659
C100149,0.26288089481624755,0.5257617896324951,129.0032834054797
C100150,0.04223067807416518,0.08446135614833036,41.24206537432101
C100151,0.09959721755516562,0.19919443511033125,48.327535734946345
C100152,0.05865707972922247,0.11731415945844494,44.960721776607826
C100154,0.0638481484261909,0.1276962968523818,52.38149298879314
C100156,0.29297159003791456,0.5859431800758291,215.2761222438856
C100157,0.09918180573631852,0.19836361147263704,47.51511719489006
C100158,0.29938760318263996,0.5987752063652799,194.7466330515537
C100159,0.3326176543654678,0.6652353087309356,163.3287339507129
C100160,0.32685406503120157,0.6537081300624031,136.97114513317095
C100162,0.3890026008787343,0.7780052017574686,213.9232478741804
C100163,0.2974655680548563,0.5949311361097126,65.79447895606177
C100164,0.522203488086242,1.044406976172484,234.18659386880756
C100165,0.06451812288687965,0.1290362457737593,45.263063093070016
C100166,0.1803267968029357,0.3606535936058714,116.335882253302
C100167,0.2148619224686034,0.4297238449372068,135.66649564609156
C100168,0.3328903762714458,0.6657807525428916,194.41327162928087
C100169,0.14698554634502117,0.29397109269004235,87.33010904565094
C100171,0.09302552720057773,0.18605105440115546,53.51462357458013
C100173,0.17012099391263488,0.34024198782526976,119.87124339109212
C100174,0.04066897421892819,0.08133794843785638,21.82139979947594
C100176,0.5821183779732428,1.1642367559464857,191.35023737809078
C100177,0.03828175628830495,0.0765635125766099,36.075643306442196
C100178,0.14611300383962592,0.29222600767925183,59.00189743766394
C100179,0.05679482057000884,0.11358964114001768,26.40321039142982
C100181,0.7760672790058769,1.5521345580117538,316.9196079287783
C100182,0.08005444074970182,0.16010888149940364,82.35612949764266
C100183,0.22516913944506703,0.45033827889013406,127.93433958089872
C100184,0.0502255794930835,0.100451158986167,27.23616618490763
C100185,0.8409745705676271,1.6819491411352543,174.94883290708734
C100186,0.03234139008879735,0.0646827801775947,28.6825540979844
C100187,0.3184458495928902,0.6368916991857804,260.2480262511406
C100188,0.09632116308235959,0.19264232616471919,50.711151708523865
C100189,0.11394770397533828,0.22789540795067656,101.96443467622419
C100190,0.04235546857543571,0.08471093715087143,0.0
C100191,0.3658274175334449,0.7316548350668898,162.1652802825568
C100193,0.23531538731264437,0.47063077462528874,132.22815905794545
C100194,0.07817293544650589,0.15634587089301177,52.324650657908784
C100195,0.44770643111116404,0.8954128622223281,173.3338909969397
C100198,0.21901150795650132,0.43802301591300263,139.4163313927656
C100200,0.09990267150121458,0.19980534300242916,66.56610967925351
C100201,0.3141368051361426,0.6282736102722852,175.56867716618865
C100202,0.13668193010491375,0.2733638602098275,53.44308121300646
C100204,0.05572198188398699,0.11144396376797398,27.430437025793598
C100205,0.1410369181232794,0.2820738362465588,72.6498205769092
C100206,0.45324960128823993,0.9064992025764799,156.247467106048
C100208,0.04514645046092804,0.09029290092185609,26.483214563391883
C100209,0.10067680715531876,0.20135361431063753,116.49525997970252
C100214,0.31660162406656506,0.6332032481331301,228.82810709593286
C100215,0.036633462126859875,0.07326692425371975,38.3478272035854
C100217,0.3174220244628051,0.6348440489256102,166.41077574013786
C100218,0.042927355555650214,0.08585471111130043,40.502380724451506
C100220,0.08030761365164699,0.16061522730329397,49.67433172858098
C100222,0.10340250802505692,0.20680501605011384,9.630304028079909
C100223,0.12971134544235027,0.25942269088470055,96.05935570296305
C100226,0.5290743678503197,1.0581487357006394,338.18782446894477
C100228,0.4678238521142656,0.9356477042285312,70.73443143338645
C100229,0.49048001110631523,0.9809600222126305,354.75642518203904
C100230,0.04548068937657064,0.09096137875314128,20.957368085847843
C100232,0.143276437134375,0.28655287426875,67.98145387636075
C100234,0.3558598741213192,0.7117197482426384,247.71559900196502
C100235,0.05315095852066584,0.10630191704133168,34.19579225574756
C100238,0.21505391139083696,0.4301078227816739,115.4179710430156
C100239,0.1223309803442357,0.2446619606884714,58.02614060729653
C100241,0.01991913116777378,0.03983826233554756,15.566378787163147
C100242,0.2175654672119849,0.4351309344239698,161.60746446304677
C100243,0.022333081447224783,0.044666162894449565,35.35150295234818
C100247,0.09470818465851709,0.18941636931703418,93.80554434338833
C100248,0.574594616626875,1.14918923325375,558.8402070480569
C100249,0.3879989174162717,0.7759978348325434,157.26027734326357
C100254,0.2414669575957504,0.4829339151915008,136.93411772878318
C100258,0.17046717690160773,0.34093435380321546,92.1625855092326
C100259,0.040566339356190625,0.08113267871238125,33.49583046387578
C100260,0.4970569836031628,0.9941139672063256,228.1465789880757
C100261,0.07162569641168756,0.14325139282337512,45.958705991499684
C100262,0.6019450966375891,1.2038901932751782,301.6304853277125
C100263,0.3468598540078996,0.6937197080157992,202.85680942905225
C100264,0.04566705205063433,0.09133410410126866,10.44406737624914
C100267,0.0481506794282664,0.0963013588565328,26.015231245665525
C100268,0.34403128008733325,0.6880625601746665,184.79086069920746
C100269,0.2310181069249824,0.4620362138499648,155.94078256923723
C100270,0.04013745383183974,0.08027490766367948,38.31735097483071
C100271,0.7709122077932729,1.5418244155865457,374.04543893001386
C100272,0.5085446402532462,1.0170892805064924,169.620759350075
C100273,0.18310562935880914,0.3662112587176183,129.47584098866866
C100276,0.13548242608111624,0.2709648521622325,83.86673199035124
C100278,0.06269119783008059,0.12538239566016118,37.14887288074192
C100279,0.07767753657242826,0.15535507314485653,52.22204930614752
C100282,0.20460552645707558,0.40921105291415116,71.674028824196
C100284,0.19652719612302094,0.3930543922460419,131.4207513644916
C100287,0.30041641513162015,0.6008328302632403,209.5564679452197
C100289,0.71902621500963,1.43805243001926,251.47634499375877
C100290,0.05923859100937964,0.11847718201875929,36.52946476473267
C100291,0.03056440566363001,0.06112881132726002,23.779896661843896
C100295,0.49718655193222777,0.9943731038644555,152.33207560437745
C100297,0.19191859475216722,0.38383718950433443,85.4009673139928
C100298,0.4690052460412516,0.9380104920825032,299.3019240999105
C100300,0.1958164130213261,0.3916328260426522,84.42463875930562
C100301,0.3483801158018569,0.6967602316037138,120.20808732373555
C100302,0.15337548868227774,0.3067509773645555,120.95287046486325
C100304,0.3947907028636711,0.7895814057273421,188.56581994348545
C100305,0.3676432425817695,0.735286485163539,219.84651156177534
C100306,0.07933993448806341,0.15867986897612682,32.002737981120625
C100307,0.1283076821958041,0.2566153643916082,71.07416500998936
C100308,0.15197413472715493,0.30394826945430986,102.84240001186143
C100309,0.16936724906219877,0.33873449812439754,67.41866932554466
C100316,0.029109413226417497,0.05821882645283499,21.069136834675945
C100317,0.05139403955834758,0.10278807911669516,21.085308072711214
C100319,0.20586658816375586,0.4117331763275117,71.22193874572297
C100321,0.23159861904755621,0.46319723809511243,54.71992664428292
C100322,0.7869740022474935,1.573948004494987,457.1786400245994
C100323,0.037016083833257704,0.07403216766651541,12.834684403614858
C100325,0.11026790123330925,0.2205358024666185,31.89260051845274
C100326,0.08666772410753797,0.17333544821507593,42.63901018813586
C100328,0.05929979690486822,0.11859959380973643,36.30974281506405
C100331,0.2430600077661915,0.486120015532383,86.57198038572085
C100333,0.0994627128745602,0.1989254257491204,70.1850944233535
C100334,0.15309662832826973,0.30619325665653946,88.74276985724529
C100336,0.09133915800439814,0.18267831600879628,25.806040855311934
C100338,0.17674588509421355,0.3534917701884271,121.11044359646046
C100340,0.19680314679916006,0.3936062935983201,116.11527638261202
C100341,0.052493594153558615,0.10498718830711723,33.98940591232693
C100345,0.4995498243286253,0.9990996486572506,197.0408469167814
C100347,0.2574940288467131,0.5149880576934261,263.2012288232383
C100348,0.7444739958690181,1.4889479917380362,240.00908595826036
C100350,0.07455708161115586,0.14911416322231172,50.00944838343501
C100351,0.30784060200126445,0.6156812040025289,329.19572135375023
C100353,0.03463200523909697,0.06926401047819394,17.37554017027065
C100355,0.3794410894823439,0.7588821789646878,191.57769505456693
C100356,0.3127567775784289,0.6255135551568578,74.6170952375579
C100357,0.22360122297372872,0.44720244594745745,492.5142563527853
C100360,0.7377153694218593,1.4754307388437187,165.78487266923415
C100361,0.06694219400187484,0.1338843880037497,27.90489478877228
C100362,0.32101752811372203,0.6420350562274441,225.20706819282736
C100364,0.04271921183423717,0.08543842366847434,9.877489655383116
C100366,0.712892215617791,1.425784431235582,216.22764611107732
C100367,0.06710161016142865,0.1342032203228573,51.390747912828665
C100368,0.2815296023694349,0.5630592047388698,80.82579147704696
C100370,0.3328356172228232,0.6656712344456464,119.52869815254279
C100371,0.22157777665404493,0.44315555330808987,159.15119441881615
C100374,0.2014147161346107,0.4028294322692214,124.28267363124618
C100375,0.2688527903090946,0.5377055806181892,137.19222241637337
C100376,0.08213237075764686,0.16426474151529372,63.44078576516836
C100377,0.05500198623895766,0.11000397247791532,35.59782739736674
C100378,0.6886815320303488,1.3773630640606975,314.0213572743487
C100379,0.09652696393926415,0.1930539278785283,74.4107734817838
C100380,0.06970102175158419,0.13940204350316837,58.04114009605139
C100382,0.09611892311031074,0.19223784622062148,24.772287662293024
C100383,0.11121201840429903,0.22242403680859807,84.19653463449374
C100384,0.3606690568240682,0.7213381136481364,160.9399360411508
C100386,0.11830956448434696,0.23661912896869391,74.05445936015346
C100389,0.19547429581781933,0.39094859163563866,127.37778621938864
C100390,0.17606142401814617,0.35212284803629235,103.17834126255708
C100391,0.24230260329005812,0.48460520658011624,231.1303993421153
C100392,0.5204539405849978,1.0409078811699957,278.20770596177204
C100394,0.06755017385943332,0.13510034771886664,53.45187537408143
C100395,0.1148278407955793,0.2296556815911586,112.90698468370017
C100396,0.06401235624256699,0.12802471248513397,44.15088724666815
C100398,0.16446241300923908,0.32892482601847817,119.39060636950009
C100401,0.024053724824214796,0.04810744964842959,41.92429798593719
C100403,0.5610060889720512,1.1220121779441024,121.036017585032
C100404,0.16515858863948524,0.3303171772789705,60.862010860512896
C100405,0.45734251856386854,0.9146850371277371,208.8711874011289
C100407,0.1500527430064207,0.3001054860128414,69.52068831473814
C100408,0.7148219662563188,1.4296439325126375,239.21553783545744
C100409,0.4690585346645636,0.9381170693291272,188.69779851173928
C100411,0.07826261040076851,0.15652522080153702,84.79642918916869
C100413,0.5926743587712879,1.1853487175425759,239.75072570323056
C100414,0.14432312024827404,0.2886462404965481,82.13831136924998
C100415,0.5655469382112442,1.1310938764224885,229.96318975384963
C100417,0.2482582067125428,0.4965164134250856,131.1170420330855
C100418,0.16222403988400924,0.3244480797680185,86.32483513797622
C100423,0.0265321993090745,0.053064398618149,32.50809798534226
C100424,0.08450719522364697,0.16901439044729394,49.453528102198305
C100428,0.03060435862949695,0.0612087172589939,37.34393476034399
C100429,0.42488304672440097,0.8497660934488019,212.18666857951206
C100430,0.0778983922008005,0.155796784401601,48.2036160992198
C100431,0.23424611867777784,0.4684922373555557,78.06606700636945
C100432,0.06102010261548457,0.12204020523096915,33.58266334256291
C100435,0.41156303590983584,0.8231260718196717,169.73786428251378
C100437,0.19553213684225101,0.39106427368450203,79.39528920769388
C100438,0.7406220475606787,1.4812440951213575,313.5974617765926
C100439,0.12595218103657102,0.25190436207314204,94.46870316203929
C100441,0.15579883965562588,0.31159767931125176,106.06890432590093
C100443,0.0469983328479623,0.0939966656959246,22.525391346679086
C100446,0.03749012603690299,0.07498025207380599,37.02231988142188
C100447,0.1544793370596612,0.3089586741193224,22.10827930469251
C100450,0.038429837823936455,0.07685967564787291,21.537193512957458
C100452,0.2277988232946739,0.4555976465893478,90.85840510010709
C100453,0.046493275288215195,0.09298655057643039,24.63591684999274
C100454,0.12028892345205373,0.24057784690410747,72.0569835564361
C100455,0.05808167316550284,0.11616334633100568,22.044226090037363
C100458,0.06576571825768708,0.13153143651537416,48.31639233920648
C100459,0.03908690590721201,0.07817381181442402,0.0
C100460,0.40479174591276795,0.8095834918255359,143.25270974143407
C100462,0.19186792026499744,0.3837358405299949,108.95536008333178
C100463,0.759106753441739,1.518213506883478,221.94254724685348
C100466,0.050152387665343606,0.10030477533068721,30.511451419919958
C100467,0.4767010184763751,0.9534020369527502,236.77186089904285
C100468,0.24475368341766296,0.4895073668353259,173.50993797027522
C100469,0.07446195504584753,0.14892391009169506,53.585811166676656
C100470,0.3247968646081173,0.6495937292162346,147.49017532922352
C100476,0.14092454206714472,0.28184908413428944,63.35553982098855
C100477,0.33381321821013543,0.6676264364202709,140.49454335780584
C100478,0.15352578087817373,0.30705156175634746,96.64339247626432
C100482,0.14077199179540237,0.28154398359080474,79.41728066312217
C100484,0.3002229878866716,0.6004459757733432,129.24216499593516
C100487,0.26577891111051644,0.5315578222210329,87.66784738351436
C100490,0.33544823175023825,0.6708964635004765,186.50870004623826
C100491,0.07376849667091821,0.14753699334183643,50.66375825604208
C100493,0.4320868573281556,0.8641737146563112,233.8816326349621
C100494,0.3659040190282472,0.7318080380564944,152.5031837245038
C100496,0.053596739429510515,0.10719347885902103,29.43547955639113
C100497,0.04744515848176563,0.09489031696353126,32.96714744377193
C100498,0.11604629190371013,0.23209258380742026,69.2506724126252
C100500,0.13559110809085184,0.2711822161817037,38.666877230493505
C100501,0.19089998031862537,0.38179996063725075,152.60598765277797
C100503,0.41152159460375054,0.8230431892075011,143.8340504901222
C100505,0.5461420663670981,1.0922841327341961,414.9166882179202
C100506,0.5719341920434636,1.1438683840869273,345.86292681378944
C100507,0.11564643513225797,0.23129287026451595,79.55383234779038
C100509,0.3907900054701702,0.7815800109403404,275.6461336806832
C100511,0.6597490578144877,1.3194981156289753,101.29448499841818
C100513,0.07658370415047643,0.15316740830095285,47.21067369584101
C100514,0.1606595806388077,0.3213191612776154,84.33980206435018
C100515,0.14559854151907803,0.29119708303815606,462.08024126172216
C100516,0.468090281112576,0.936180562225152,94.36884326991638
C100517,0.45351395670608113,0.9070279134121623,182.2081830171116
C100518,0.6101102140321143,1.2202204280642286,222.1630073321511
C100519,0.043779405229436796,0.08755881045887359,19.60868535257349
C100520,0.3542878948724821,0.7085757897449642,84.5752790347865
C100522,0.43392447369091436,0.8678489473818287,282.69893818623973
C100523,0.04219687408131584,0.08439374816263168,43.0178999896116
C100525,0.0642547970982233,0.1285095941964466,82.94545517343883
C100526,0.4971162556945465,0.994232511389093,130.95275888560198
C100527,0.1196804429661442,0.2393608859322884,73.08511144342705
C100528,0.13522029647796996,0.2704405929559399,69.06115063308489
C100529,0.37817564445920904,0.7563512889184181,153.5149850363113
C100530,0.10111414832112169,0.20222829664224337,11.096567178007907
C100534,0.028899057790723208,0.057798115581446416,30.750191219952647
C100536,0.5582970077289022,1.1165940154578045,236.284026817135
C100539,0.13758770531823314,0.2751754106364663,81.13275514329638
C100541,0.0683046295646034,0.1366092591292068,38.13324064378489
C100542,0.42204143785614845,0.8440828757122969,295.0205471013331
C100544,0.26133211896777214,0.5226642379355443,427.3323475483472
C100545,0.0786371902336814,0.1572743804673628,61.277678445746865
C100547,0.12766204046556517,0.25532408093113035,69.25622954497047
C100548,0.12868505486829412,0.25737010973658825,65.01860837447899
C100550,0.13063201070048847,0.26126402140097693,94.61128665541688
C100552,0.8368159432661375,1.673631886532275,446.6795294293782
C100553,0.49145681172497135,0.9829136234499427,181.331319169522
C100557,0.11958694969891427,0.23917389939782854,165.0951386167727
C100559,0.24334679581957744,0.4866935916391549,92.65074463095213
C100560,0.6247499845985741,1.2494999691971482,217.75854342155918
C100565,0.18258588752045612,0.36517177504091225,147.66949977467937
C100567,0.06677795438911857,0.13355590877823714,35.7523533628656
C100568,0.5455619154736815,1.091123830947363,229.18475700967127
C100569,0.17919420711374903,0.35838841422749806,91.6233898927383
C100571,0.04998271023503973,0.09996542047007946,36.12286440823741
C100573,0.04888520008263446,0.09777040016526892,0.0
C100574,0.41403312673313425,0.8280662534662685,293.0998320823035
C100575,0.5929310931771716,1.1858621863543433,163.19281377200133
C100579,0.4329234169730523,0.8658468339461046,319.67976085511657
C100580,0.17824880285518344,0.35649760571036687,118.36798107428662
C100581,0.06024542109479316,0.12049084218958632,40.42730958620027
C100582,0.04578169257012474,0.09156338514024948,20.5650541760423
C100583,0.37252351154775404,0.7450470230955081,251.80316342855096
C100584,0.17879707550836044,0.3575941510167209,71.29364712674564
C100587,0.16028456670577723,0.32056913341155446,113.5029170167231
C100588,0.34623365723136945,0.6924673144627389,192.03291680082552
C100589,0.04071002619001084,0.08142005238002167,21.95282706331444
C100590,0.3062823818831343,0.6125647637662686,140.43841887625578
C100591,0.04454687943588012,0.08909375887176024,36.17969466971987
C100595,0.04449365518754437,0.08898731037508874,27.198614781083656
C100598,0.1979196789649514,0.3958393579299028,87.25391826419822
C100601,0.05014724649943457,0.10029449299886914,43.16455296034563
C100602,0.19752532408899443,0.39505064817798885,99.66876107405633
C100603,0.33784821660612324,0.6756964332122465,151.0163066904992
C100605,0.13742768464067634,0.2748553692813527,98.52082293806293
C100606,0.16051038899724734,0.3210207779944947,119.70664662506607
C100609,0.08022532068868768,0.16045064137737536,52.45236899025737
C100610,0.31814889244097183,0.6362977848819437,239.09870034860404
C100616,0.08632529830869348,0.17265059661738696,66.92316954895428
C100618,0.25294186810167696,0.5058837362033539,245.4805459483587
C100620,0.05118467617132104,0.10236935234264208,27.00804913239473
C100621,0.0448215997697155,0.089643199539431,25.48675443722729
C100622,0.2563274511481563,0.5126549022963126,136.13564260641422
C100623,0.14654408615160253,0.29308817230320505,92.11335188141975
C100624,0.7133032401503177,1.4266064803006353,215.841942194137
C100625,0.28984034582700546,0.5796806916540109,88.49594612719085
C100628,0.14674666852385843,0.29349333704771685,63.29062898174479
C100631,0.2857591249396073,0.5715182498792146,125.7086696453454
C100632,0.3086747025485842,0.6173494050971684,192.23815028984944
C100633,0.04079585951979619,0.08159171903959238,14.320274360084204
C100635,0.1987573904585027,0.3975147809170054,153.0580408803111
C100636,0.0348269654011112,0.0696539308022224,4.2786157232088895
C100639,0.041352447474620795,0.08270489494924159,16.576211941672888
C100642,0.2001343550677683,0.4002687101355366,1536.976064504639
C100645,0.27551754865324823,0.5510350973064965,270.67281241230387
C100646,0.25102260332481524,0.5020452066496305,216.10942503219889
C100649,0.03883881672255504,0.07767763344511008,19.21499220432631
C100651,0.1098413381787152,0.2196826763574304,94.20828992184792
C100654,0.059372511625220246,0.11874502325044049,53.0956388034659
C100655,0.2667299333219687,0.5334598666439374,199.85249005738112
C100656,0.2716707551323914,0.5433415102647828,175.35446239628465
C100657,0.3817441404275116,0.7634882808550232,162.10622255495565
C100658,0.05703726558951448,0.11407453117902897,38.39100834442934
C100659,0.04857296678985745,0.0971459335797149,19.331711349674578
C100661,0.06485255825802343,0.12970511651604685,36.986545514735376
C100662,0.18669068197010735,0.3733813639402147,110.81814225633592
C100663,0.02393666818429734,0.04787333636859468,22.72837266583482
C100664,0.20027216026319666,0.4005443205263933,132.16196756658059
C100665,0.1383699941786826,0.2767399883573652,57.197951478409955
C100666,0.14948987861430293,0.29897975722860587,102.3160940954591
C100668,0.05252349028540735,0.1050469805708147,15.083891284791621
C100670,0.060809262349533856,0.12161852469906771,36.845168536364376
C100672,0.42148387359183265,0.8429677471836653,190.86739811012205
C100675,0.031152814625045912,0.062305629250091824,17.156235912388983
C100676,0.3510327367343776,0.7020654734687553,90.46515205173394
C100678,0.26188445013724676,0.5237689002744935,188.58036564635665
C100679,0.15718950563736148,0.31437901127472295,112.64082647874076
C100681,0.3620184512174647,0.7240369024349294,133.53228895736024
C100683,0.30004320958171155,0.6000864191634231,258.8123621581821
C100684,0.6815220131845697,1.3630440263691395,189.03670472220932
C100685,0.0718303516480142,0.1436607032960284,43.24181119162284
C100686,0.18382444433517767,0.36764888867035533,105.92440642751902
C100687,0.339521887380674,0.679043774761348,162.6873157199468
C100691,0.11161385570465672,0.22322771140931344,68.5863777787202
C100696,0.18932393776197148,0.37864787552394297,103.4091493102028
C100697,0.5207302100381036,1.0414604200762072,152.72678927467987
C100700,0.37562751770711555,0.7512550354142311,206.3328682725047
C100703,0.5024252519891328,1.0048505039782656,117.44891578000261
C100705,0.040564349417671376,0.08112869883534275,24.552432750550636
C100706,0.24475898082296987,0.48951796164593975,128.4217840515058
C100707,0.2908715786215524,0.5817431572431048,169.870138804183
C100710,0.14787368642689064,0.2957473728537813,107.39154226212139
C100711,0.047708276396860164,0.09541655279372033,29.236667794064395
C100712,0.04590851618417993,0.09181703236835986,28.79121514355365
C100714,0.04056053261691943,0.08112106523383886,23.4603271155743
C100717,0.5739826644093328,1.1479653288186655,180.15996078169073
C100718,0.2290812956517192,0.4581625913034384,181.03088571032188
C100719,0.06278244864860467,0.12556489729720935,51.8660304674554
C100722,0.21384439419432846,0.4276887883886569,1507.582599145414
C100724,0.5692718146395462,1.1385436292790925,157.97859357976313
C100726,0.2382840775889326,0.4765681551778652,116.91878260594702
C100727,0.06417060548031504,0.1283412109606301,33.838952916709296
C100728,0.4671520014721458,0.9343040029442916,214.8889393282239
C100729,0.29760837817858926,0.5952167563571785,399.4851687139113
C100732,0.42807962345642825,0.8561592469128565,315.3199808591794
C100734,0.5400835001304067,1.0801670002608135,178.69771405475606
C100735,0.13642595832505536,0.2728519166501107,104.5966452042381
C100738,0.01629087298489113,0.03258174596978226,11.389376658046698
C100740,0.3976791587813817,0.7953583175627634,200.11970195431826
C100741,0.3581375627880146,0.7162751255760292,202.846993151025
C100743,0.06117340995799783,0.12234681991599566,44.25413510928771
C100745,0.2499487728385608,0.4998975456771216,191.95463304481777
C100747,0.19711924982616663,0.39423849965233326,131.2814971272637
C100748,0.11633968729762745,0.2326793745952549,77.94283696712034
C100749,0.07516272431672047,0.15032544863344094,13.82691189257396
C100750,0.3638439140189088,0.7276878280378176,187.21690835015266
C100752,0.04581136643905736,0.09162273287811472,25.740464041265945
C100754,0.24013999907691938,0.48027999815383876,151.95435408689494
C100757,0.10715243345470982,0.21430486690941963,59.768085549281636
C100759,0.11464551361229186,0.22929102722458372,84.59980849359584
C100763,0.2312892024585734,0.4625784049171468,125.07987391362374
C100764,0.086020907404564,0.172041814809128,31.281796037255628
C100765,0.04525436974259631,0.09050873948519263,29.640027539207537
C100766,0.053116044798940505,0.10623208959788101,40.20797059042356
C100767,0.2886997440523263,0.5773994881046526,159.56394183442785
C100768,0.431508171992234,0.863016343984468,198.55904008080165
C100769,0.04388223905632483,0.08776447811264966,34.3189692844541
C100770,0.04245549513392014,0.08491099026784028,30.247318408667386
C100772,0.1762615238944137,0.3525230477888274,82.99081421232245
C100773,0.2758806614706225,0.551761322941245,200.95309132089125
C100776,0.2076494129852597,0.4152988259705194,118.29067587461601
C100777,0.049234405547361124,0.09846881109472225,38.852841848420326
C100778,0.4325644273581185,0.865128854716237,301.1966708520444
C100779,0.3058582378226653,0.6117164756453306,255.94821461324238
C100780,0.2601620844173211,0.5203241688346422,92.44549051285468
C100781,0.191830130716846,0.383660261433692,72.28241205729607
C100782,0.6826128143021135,1.365225628604227,322.575623201757
C100783,0.5408371464429498,1.0816742928858996,375.38328001548143
C100784,0.12215663140211226,0.24431326280422452,114.37727511696431
C100787,0.6231338279313811,1.2462676558627621,95.13187365505824
C100789,0.07333878905894124,0.14667757811788248,49.490604271567804
C100791,0.7396864430732892,1.4793728861465785,273.0919446455455
C100793,0.31354659873560065,0.6270931974712013,175.87581243588036
C100795,0.26876461014565933,0.5375292202913187,66.36907675671944
C100797,0.07212678169723126,0.14425356339446252,46.92583863480691
C100799,0.2262384724867834,0.4524769449735668,56.29660827186822
C100801,0.2053105879972801,0.4106211759945602,118.89425419517036
C100802,0.0447461444062714,0.0894922888125428,39.21082747436342
C100804,0.1937185728479631,0.3874371456959262,124.67510191223593
C100805,0.3229960665553423,0.6459921331106846,181.02555178676747
C100806,0.08035888660698559,0.16071777321397118,56.167133045824066
C100808,0.16953498755221086,0.3390699751044217,88.4589625553981
C100809,0.15229444962259414,0.3045888992451883,97.99697532465561
C100815,0.054108385500682775,0.10821677100136555,12.866396711325853
C100816,0.2651423085741717,0.5302846171483434,106.2339996509732
C100817,0.18005791453946995,0.3601158290789399,1454.5210313788612
C100818,0.21901897080228724,0.4380379416045745,153.42426798979204
C100819,0.7351638900234778,1.4703277800469556,152.85463399396207
C100822,0.13967737504258176,0.27935475008516353,74.856737761944
C100823,0.15446147456172596,0.3089229491234519,76.5061619192056
C100824,0.25606423415307783,0.5121284683061557,124.24987404242246
C100825,0.05306370623774564,0.10612741247549128,33.17276110013998
C100826,0.2075989525538557,0.4151979051077114,125.78278980597338
C100827,0.038527183112133864,0.07705436622426773,25.267695431621323
C100830,0.05239709304418633,0.10479418608837265,10.860126849248703
C100831,0.03857849695229187,0.07715699390458373,31.269867533050068
C100832,0.04507176031685145,0.0901435206337029,25.956317226288466
C100833,0.041561376449663526,0.08312275289932705,39.29569347518758
C100837,0.16208826967237952,0.32417653934475904,78.51042701775076
C100842,0.0357960866397843,0.0715921732795686,42.13500425335264
C100844,0.044684789598546854,0.08936957919709371,23.71557573912073
C100845,0.03617159684210811,0.07234319368421623,29.50016125825279
C100847,0.688764751297963,1.377529502595926,1955.953140584903
C100848,0.3121047289270967,0.6242094578541934,267.1662137224363
C100850,0.1217279238691241,0.2434558477382482,100.42820456546863
C100851,0.038294828214627395,0.07658965642925479,22.791403026607327
C100852,0.45630212068250664,0.9126042413650133,139.30175300673235
C100854,0.06642068801827772,0.13284137603655544,49.57313861535967
C100855,0.053226722871639556,0.10645344574327911,9.758919391455722
C100856,0.0806667805815328,0.1613335611630656,46.69722249436687
C100859,0.847275419965484,1.694550839930968,299.9319927391641
C100860,0.1548383818759524,0.3096767637519048,103.56923847750063
C100862,0.11133022129224994,0.22266044258449988,55.15421256498679
C100863,0.16030354800352467,0.32060709600704934,55.90342494280982
C100864,0.1794051050807733,0.3588102101615466,70.00948703759471
C100866,0.21563357317542758,0.43126714635085517,83.8579421046966
C100867,0.455899362438599,0.911798724877198,223.2531670462625
C100868,0.0404401593470991,0.0808803186941982,5.242269545666861
C100869,0.5278078697803026,1.0556157395606052,300.5481637397046
C100870,0.040086448635267315,0.08017289727053463,24.78996799235877
C100871,0.1475117655318905,0.295023531063781,31.051668375292955
C100872,0.13636704799261484,0.2727340959852297,75.12522554279177
C100873,0.14386081462638076,0.2877216292527615,68.57117675770955
C100874,0.3306511871662946,0.6613023743325892,125.49371346165324
C100877,0.5347717124314197,1.0695434248628395,302.7658071913709
C100878,0.06542867618314271,0.13085735236628543,45.67532846207427
C100880,0.46045988247163633,0.9209197649432727,323.3290331555977
C100882,0.4075425214704562,0.8150850429409124,231.37183967931358
C100885,0.042978128056431995,0.08595625611286399,25.509112456091174
C100886,0.11655083625103341,0.23310167250206681,91.7246511980224
C100887,0.2786576276186755,0.557315255237351,138.2740215125244
C100888,0.5980126842223621,1.1960253684447242,193.6951174545925
C100890,0.5233977138992126,1.0467954277984253,187.682598352383
C100891,0.12687132074572421,0.25374264149144843,94.38174605147624
C100895,0.07772047674905468,0.15544095349810935,8.654252741700839
C100897,0.046657187400515325,0.09331437480103065,27.4749902387499
C100898,0.03428967388772459,0.06857934777544918,50.180486171535094
C100899,0.5911669548601216,1.1823339097202432,1992.6183775713303
C100902,0.1706610856557112,0.3413221713114224,66.31496814963671
C100903,0.6540467195462928,1.3080934390925856,271.4816882201511
C100905,0.37622839083629966,0.7524567816725993,111.16027806241465
C100907,0.14454889181351552,0.28909778362703104,97.00051858119544
C100908,0.027731725771024895,0.05546345154204979,28.244201963265255
C100909,0.17204055890547193,0.34408111781094386,36.262934892535306
C100911,0.1451127590344685,0.290225518068937,62.60174213670483
C100912,0.11428542273932123,0.22857084547864245,64.86854064127232
C100913,0.7594036577827863,1.5188073155655726,154.61639344595125
C100914,0.5101675012493692,1.0203350024987383,151.15119497727758
C100915,0.17975001572793017,0.35950003145586035,115.5982876746918
C100916,0.4567583929648586,0.9135167859297172,286.299843002665
C100917,0.44199742643011203,0.8839948528602241,311.2762941577279
C100918,0.19875977195674663,0.39751954391349326,151.6168953191749
C100919,0.03885398786137371,0.07770797572274742,18.43958346461621
C100920,0.04370692060301669,0.08741384120603338,18.409916331618145
C100921,0.11830692508551635,0.2366138501710327,109.58871940215693
C100924,0.37027198268643874,0.7405439653728775,137.9637299228363
C100925,0.2936834372383696,0.5873668744767392,141.23463384814923
C100927,0.054037448162753535,0.10807489632550707,50.05174306702315
C100930,0.11545874532281404,0.23091749064562808,91.91260902650905
C100931,0.0354785999604465,0.070957199920893,32.97477218556429
C100932,0.04373683428043207,0.08747366856086414,42.83558780461244
C100933,0.05462998343107203,0.10925996686214406,42.61776792684358
C100935,0.24323256334127247,0.48646512668254493,157.71648298547382
C100936,0.035173503779520054,0.07034700755904011,7.182028420721159
C100939,0.04105505425884393,0.08211010851768787,20.852261791135845
C100940,0.21128083677660492,0.42256167355320984,126.25830013737792
C100941,0.27398247917522517,0.5479649583504503,246.09519550227822
C100942,0.39452228534559736,0.7890445706911947,153.4113966108692
C100947,0.30802544327290393,0.6160508865458079,140.82201922276084
C100948,0.21623156363524307,0.43246312727048614,78.66585753592753
C100949,0.7585171120293602,1.5170342240587205,249.70668332903395
C100952,0.08110141193856962,0.16220282387713925,15.85244651768418
C100953,0.5011377714975728,1.0022755429951455,242.03094300339308
C100954,0.1682687735899449,0.3365375471798898,110.52990866934469
C100956,0.2368645678000119,0.4737291356000238,69.23967850544466
C100957,0.04199374990831805,0.0839874998166361,19.739412371660944
C100958,0.49333314613273377,0.9866662922654675,311.3985040888557
C100959,0.49186298606314227,0.9837259721262845,375.10763753541096
C100960,0.05796631232949858,0.11593262465899716,47.788338327923455
C100962,0.33320842108243454,0.6664168421648691,157.50524286667883
C100963,0.03713398774785879,0.07426797549571758,14.040682439729029
C100964,0.5388844137465499,1.0777688274930999,292.62025796848275
C100966,0.27257989687941175,0.5451597937588235,84.79836948148423
C100967,0.5249599077191992,1.0499198154383984,172.57971275658178
C100968,0.10259269813414904,0.20518539626829807,46.03324514710072
C100969,0.09036873009941562,0.18073746019883125,53.36933320098718
C100974,0.11215859845431031,0.22431719690862062,99.03501805793832
C100975,0.5690557769180816,1.1381115538361632,248.7694729114507
C100978,0.04877078812130826,0.09754157624261652,38.688340562552234
C100979,0.14190117629855817,0.28380235259711634,90.25586897463803
C100980,0.04088973142424757,0.08177946284849515,0.0
C100982,0.5114120505865082,1.0228241011730164,193.96716874489226
C100983,0.26226069955478193,0.5245213991095639,207.27710348163345
C100984,0.48206388922331617,0.9641277784466323,166.99895903768328
C100986,0.12628958399112253,0.25257916798224506,95.96192738603618
C100989,0.21465352046941033,0.42930704093882066,1764.4795420389742
C100990,0.3744932356737494,0.7489864713474989,68.86211110725485
C100991,0.41465944947905614,0.8293188989581123,207.84266543911644
C100995,0.505083699847857,1.010167399695714,194.47975166057648
C100997,0.05066093551066067,0.10132187102132134,51.42071815798549
C100998,0.3866479424123599,0.7732958848247198,160.79569540213726
C100999,0.23058827912037932,0.46117655824075865,149.55142073594163
C101001,0.34166081436375517,0.6833216287275103,185.03071342972794
C101004,0.1398066979583726,0.2796133959167452,88.3061204522146
C101005,0.29846215307481827,0.5969243061496365,158.97313481741978
C101006,0.5751792233286657,1.1503584466573313,297.69071821679375
C101007,0.25539273124288775,0.5107854624857755,339.34314720894906
C101010,0.14349467248417827,0.28698934496835654,51.88035329060717
C101011,0.08678366154078433,0.17356732308156866,49.28982756942588
C101014,0.20112362830643776,0.4022472566128755,72.2718236058276
C101018,0.045544227005104916,0.09108845401020983,19.956007823846736
C101022,0.37578420504585247,0.7515684100917049,227.80234867149224
C101023,0.12954048897902146,0.2590809779580429,76.43880617183278
C101024,0.5795956214236019,1.1591912428472038,354.3977444492815
C101025,0.0831919237948557,0.1663838475897114,36.58946129888925
C101026,0.34113727806638505,0.6822745561327701,87.5767631933577
C101027,0.14429625762170156,0.2885925152434031,80.83340848121867
C101028,0.6045908781153064,1.2091817562306129,173.9215558861496
C101030,0.05095494035152906,0.10190988070305812,29.090420850560733
C101034,0.04695143810621034,0.09390287621242067,34.25009905421089
C101036,0.20471179669670744,0.4094235933934149,104.77158702497964
C101038,0.623887191656121,1.247774383312242,212.61555000353593
C101042,0.1483611166420561,0.2967222332841122,10.208930326947879
C101043,0.16082640504069465,0.3216528100813893,77.02592577154337
C101044,0.3242584962904678,0.6485169925809356,200.64100316702567
C101047,0.09410264232933725,0.1882052846586745,47.67005212628922
C101048,0.5515545081641409,1.1031090163282817,153.13842995580072
C101049,0.03811564580748915,0.0762312916149783,21.180231818982772
C101050,0.20778564347387898,0.41557128694775797,108.05055633272237
C101051,0.3433799473767532,0.6867598947535064,191.6868846911889
C101053,0.2090878143781205,0.418175628756241,134.9495738232964
C101057,0.11637891225612745,0.2327578245122549,81.91675743883934
C101058,0.21228468224381544,0.4245693644876309,149.59592978888682
C101059,0.13065646649956056,0.2613129329991211,98.85329486605659
C101060,0.07485434547711899,0.14970869095423797,30.53626283174456
C101061,0.039775186849028095,0.07955037369805619,30.011500388805963
C101062,0.03981774726502212,0.07963549453004425,35.98425103268637
C101064,0.312545156203371,0.625090312406742,162.48863143644485
C101065,0.3385205205397394,0.6770410410794788,266.1514203041217
C101066,0.40703581342339,0.81407162684678,339.9902564841034
C101067,0.4675368799038919,0.9350737598077838,245.92852413397125
C101068,0.40188361669631856,0.8037672333926371,199.644566219798
C101069,0.10565347872451751,0.21130695744903502,83.02351971742402
C101070,0.15352274284045,0.3070454856809,86.46806480332015
C101072,0.05700595891632601,0.11401191783265202,16.732459005846433
C101073,0.2798133226951479,0.5596266453902958,278.39779208587555
C101075,0.5833831431408593,1.1667662862817185,248.4644828216636
C101076,0.3104006186744721,0.6208012373489442,155.50524141809962
C101077,0.1980490887539658,0.3960981775079316,150.96616567388725
C101078,0.04397194065774551,0.08794388131549102,32.627437000651575
C101079,0.2548570986651926,0.5097141973303853,99.12116222356357
C101082,0.21324894070375627,0.42649788140751255,68.91253983197335
C101086,0.03566315205422398,0.07132630410844797,25.861816981177935
C101087,0.47964626518089776,0.9592925303617955,200.15704652540205
C101088,0.14949432089088197,0.29898864178176393,95.0172005648403
C101089,0.6309859337728203,1.2619718675456406,278.3351760965139
C101092,0.27967527368745326,0.5593505473749065,69.4863673612287
C101094,0.23532889507747412,0.47065779015494824,1574.73550900001
C101096,0.47675472977369315,0.9535094595473863,270.53865231682767
C101097,0.40433064029496896,0.8086612805899379,219.89009165738622
C101098,0.3021954601406052,0.6043909202812104,163.61578605027785
C101099,0.0623020729041889,0.1246041458083778,40.07003418994601
C101101,0.04334071398605462,0.08668142797210925,38.4359221073735
C101102,0.20338986249725402,0.40677972499450804,142.4645827501938
C101103,0.05451819847335475,0.1090363969467095,18.731624744429922
C101104,0.05118937052251121,0.10237874104502243,17.3183700218173
C101105,0.3820516580755587,0.7641033161511174,170.4477063935966
C101106,0.055203057302829074,0.11040611460565815,0.0
C101107,0.19806542662119098,0.39613085324238195,104.17178884471254
C101108,0.046845624268565006,0.09369124853713001,14.152364756070462
C101110,0.39065812211401524,0.7813162442280305,212.8680387519923
C101111,0.03875811065431316,0.07751622130862632,27.746042698697128
C101112,0.06728232031298007,0.13456464062596013,46.693601513692876
C101113,0.05540296573326161,0.11080593146652322,13.740669372240891
C101114,0.26310316153456675,0.5262063230691335,249.26001668365086
C101115,0.028816970432810972,0.057633940865621944,41.87172771886998
C101116,0.14741333463828876,0.2948266692765775,106.97857941563083
C101117,0.04088120235489586,0.08176240470979172,28.850603333610145
C101118,0.17093460498767607,0.34186920997535214,111.22707812777935
C101119,0.2506560150339823,0.5013120300679647,167.9517768037032
C101120,0.15235451961810903,0.30470903923621806,67.40126896694302
C101121,0.5187747103217488,1.0375494206434976,132.92316264735945
C101123,0.6438865705035322,1.2877731410070643,268.2430877014019
C101124,0.2598787360403634,0.5197574720807268,119.04993023067712
C101125,0.38551309475661566,0.7710261895132313,57.04157411112987
C101126,0.10450628057678482,0.20901256115356964,61.75636162372433
C101127,0.13863776523362706,0.2772755304672541,1576.7966423618252
C101128,0.26338781680426293,0.5267756336085259,147.90481171327505
C101130,0.042894636023565406,0.08578927204713081,0.0
C101131,0.1976197347251523,0.3952394694503046,94.04907776796621
C101132,0.3469537024494254,0.6939074048988508,211.2133143168377
C101134,0.06055955792984231,0.12111911585968461,33.62236228463194
C101135,0.02429346201222441,0.04858692402444882,25.103170961145306
C101137,0.4305732210699646,0.8611464421399292,235.82636677431333
C101140,0.032190891855089415,0.06438178371017883,31.633426611866515
C101143,0.11858200862530933,0.23716401725061867,88.25928099065914
C101145,0.3386003565622636,0.6772007131245272,3032.6732294637704
C101146,0.16533509200184923,0.33067018400369846,55.3301101682478
C101147,0.3163007391734251,0.6326014783468502,182.86769158963068
C101148,0.5456682353731466,1.0913364707462931,221.37060467014203
C101150,0.05591959329949101,0.11183918659898202,47.87579537495217
C101151,0.44190568727935337,0.8838113745587067,231.90237717490038
C101154,0.31574945759283307,0.6314989151856661,193.4414852552983
C101155,0.032299993977201555,0.06459998795440311,10.645999879544032
C101156,0.08055907930930732,0.16111815861861464,33.196368154906196
C101157,0.5253443559197645,1.050688711839529,150.06337773538644
C101159,0.16460001368238367,0.32920002736476733,89.02981783289212
C101160,0.3624071608601849,0.7248143217203697,160.7640449815018
C101161,0.047674802252484695,0.09534960450496939,40.10499143022511
C101162,0.08920789357325963,0.17841578714651926,25.84265821212317
C101165,0.7157607904713452,1.4315215809426904,305.9887793726597
C101166,0.2785050266496214,0.5570100532992428,225.78714148325827
C101167,0.09019004470072482,0.18038008940144964,75.44989531454067
C101168,0.1890616234364337,0.3781232468728674,76.37342807332215
C101169,0.617182151522444,1.234364303044888,212.59331710820703
C101170,0.4095219689969702,0.8190439379939404,177.94198721759767
C101171,0.39357165654559767,0.7871433130911953,135.62239361501756
C101172,0.03698089171234342,0.07396178342468684,33.679441528198176
C101174,0.10979018487026744,0.21958036974053488,76.33353534206009
C101176,0.1495246605365454,0.2990493210730908,101.72143721087892
C101177,0.1425055288441122,0.2850110576882244,96.06186486521295
C101182,0.12795571125480723,0.25591142250961446,89.67247904475718
C101183,0.15301426259751916,0.3060285251950383,76.61163328794095
C101184,0.32896285995030206,0.6579257199006041,150.49925720244386
C101185,0.05156826271993295,0.1031365254398659,35.65337250221646
C101186,0.046524441381664144,0.09304888276332829,0.0
C101187,0.15835970745345862,0.31671941490691724,144.07543837911487
C101188,0.18209704037811772,0.36419408075623544,227.688655385582
C101192,0.07896241268086551,0.15792482536173102,47.53729503777859
C101193,0.06793939612038524,0.13587879224077049,50.06953716197316
C101194,0.3773251197158247,0.7546502394316494,362.57405812111625
C101195,0.2954645508533107,0.5909291017066214,118.22194154781903
C101196,0.10851759081039432,0.21703518162078864,57.80917112698746
C101199,0.06657117279477709,0.13314234558955418,10.606212354718227
C101202,0.040237294212304944,0.08047458842460989,42.08448521913856
C101207,0.4404876790924017,0.8809753581848034,149.84445857951528
C101208,0.31424567728124875,0.6284913545624975,84.61641838839743
C101209,0.6290057475078992,1.2580114950157983,141.70662255412577
C101211,0.2633785747501959,0.5267571495003918,168.69894108639366
C101212,0.7261910738769912,1.4523821477539824,437.8535483753835
C101215,0.22603821288216064,0.4520764257643213,112.2437983893618
C101217,0.05846205413193797,0.11692410826387593,32.97109298620987
C101219,0.038919348084289054,0.07783869616857811,18.215473965248968
C101220,0.06259659162531483,0.12519318325062967,76.79443475685548
C101221,0.529275329485478,1.058550658970956,200.85502177462268
C101222,0.40153453497243985,0.8030690699448797,357.38632035377464
C101224,0.22852465176253442,0.45704930352506884,205.70595705742
C101226,0.06697864865827412,0.13395729731654824,38.76999999525278
C101227,0.36079579535172707,0.7215915907034541,368.18946137359507
C101230,0.830994300468713,1.661988600937426,330.1015351764495
C101231,0.2160968139119539,0.4321936278239078,98.47951999059003
C101233,0.03682329488381986,0.07364658976763971,36.57912584350117
C101235,0.6228894125623458,1.2457788251246915,311.4156599535273
C101237,0.48067225310926925,0.9613445062185385,201.06048524970765
C101238,0.17786032596784881,0.35572065193569763,148.51640850128607
C101239,0.13577235535349788,0.27154471070699576,86.1397722329152
C101240,0.12976232142706307,0.25952464285412613,101.65623392475652
C101242,0.04655892420818277,0.09311784841636554,17.98178860644921
C101247,0.21782027317480024,0.4356405463496005,133.8749826301058
C101248,0.1512480884617498,0.3024961769234996,115.93068250809822
C101250,0.12662139692158514,0.2532427938431703,75.81140123919201
C101251,0.06716304167585496,0.13432608335170992,51.27153896749729
C101253,0.03879050971074406,0.07758101942148812,48.21026755567563
C101254,0.037009401847832704,0.07401880369566541,32.0379809142417
C101255,0.049239976078395885,0.09847995215679177,16.56507767852442
C101256,0.513887300894074,1.027774601788148,211.5960280459647
C101257,0.25009115695871553,0.5001823139174311,148.82102912124944
C101259,0.22128179719761773,0.44256359439523546,48.93676161370854
C101261,0.3237345311501731,0.6474690623003462,189.96965757385294
C101266,0.5428880133805366,1.0857760267610732,398.8901282189379
C101267,0.11516130438536813,0.23032260877073626,60.3227175080292
C101268,0.16740000656309906,0.3348000131261981,110.1743930834364
C101269,0.16435538691242335,0.3287107738248467,82.03460317594605
C101270,0.2045633241893747,0.4091266483787494,100.70445264897063
C101271,0.5046760058603809,1.0093520117207617,317.23649561047387
C101277,0.5108117093233304,1.0216234186466608,177.0247795658414
C101279,0.15357735049297627,0.30715470098595254,58.97087415720095
C101280,0.07715490299256306,0.15430980598512611,52.1748032305277
C101281,0.5171957475706584,1.034391495141317,250.44350205148857
C101282,0.12657202623972397,0.25314405247944793,66.41663478141074
C101285,0.03905740848999389,0.07811481697998778,31.57798298934384
C101287,0.1779565481820243,0.3559130963640486,115.40176363154418
C101290,0.030073468761379143,0.060146937522758286,0.0
C101291,0.5284198981455628,1.0568397962911256,237.23590210421844
C101292,0.1819207249145521,0.3638414498291042,115.16277202356956
C101293,0.05108752363272011,0.10217504726544022,36.03010229510724
C101294,0.11257505039247064,0.22515010078494127,59.01548035481062
C101295,0.17093427877505063,0.34186855755010126,66.32495130551101
C101296,0.12667101859177046,0.2533420371835409,106.55914000134464
C101298,0.33811628588646947,0.6762325717729389,235.48170399030093
C101301,0.03765575498493178,0.07531150996986356,-12.903738119638362
C101302,0.10031277557376606,0.2006255511475321,54.26827491186845
C101304,0.13446577102149984,0.2689315420429997,76.16127115342084
C101305,0.07627093476985194,0.1525418695397039,50.57353723540221
C101306,0.4794855007133365,0.958971001426673,84.89287803093126
C101307,0.6188113343393211,1.2376226686786422,229.79215191354717
C101308,0.37332856568451717,0.7466571313690343,226.6528780228714
C101309,0.17628662383607915,0.3525732476721583,47.13717768137472
C101310,0.10713676302661448,0.21427352605322897,99.16971887276722
C101311,0.2256191909347999,0.4512383818695998,132.58513856760663
C101312,0.04412446841098085,0.0882489368219617,26.44444916477367
C101314,0.21919577453182668,0.43839154906365335,108.04512953901049
C101316,0.5440888824634471,1.0881777649268942,117.90662706490882
C101317,0.1500627798612765,0.300125559722553,112.4682790753446
C101318,0.08435800884775085,0.1687160176955017,54.9764014723964
C101319,0.21108462982433523,0.42216925964867047,68.89967442759324
C101320,0.06725944570948404,0.13451889141896808,31.5509703703615
C101321,0.12271032184964757,0.24542064369929514,91.57577993120917
C101323,0.14149543575148904,0.2829908715029781,103.5245334215753
C101325,0.030368517805032216,0.06073703561006443,32.42673117859967
C101327,0.10525256566294909,0.21050513132589818,64.32624267865823
C101330,0.11385044502595558,0.22770089005191116,59.739925309925994
C101331,0.7246314140957176,1.4492628281914353,230.85801971633012
C101332,0.05031946912157591,0.10063893824315182,31.39022251869469
C101333,0.047258297254528306,0.09451659450905661,25.600743145566835
C101334,0.4429923911413879,0.8859847822827758,250.10198058771945
C101335,0.583694170566597,1.167388341133194,177.58630851015585
C101336,0.031051700874969126,0.06210340174993825,19.925059816828842
C101339,0.2683732496459248,0.5367464992918496,70.74985986524969
C101341,0.020500807381228052,0.041001614762456104,13.158260410597446
C101343,0.1403626588672074,0.2807253177344148,122.98805226203585
C101344,0.06566410199422501,0.13132820398845002,-13.5759384478614
C101346,0.2133730381719619,0.4267460763439238,150.8926650341334
C101347,0.5239676870015477,1.0479353740030954,307.64642136861863
C101348,0.16455145556670595,0.3291029111334119,58.77491196245165
C101350,0.23297125919238398,0.46594251838476797,1558.1057802414157
C101351,0.3180100761168033,0.6360201522336066,117.3819773789625
C101355,0.5646743814801104,1.1293487629602208,176.77018174351664
C101358,0.23321527844956969,0.46643055689913937,74.21489545709511
C101360,0.5504820316968079,1.1009640633936157,179.62334337207517
C101364,0.521666583633425,1.04333316726685,116.27054365543
C101365,0.38231161691228005,0.7646232338245601,161.11010124818233
C101366,0.07916705413911086,0.15833410827822172,53.85095269385453
C101367,0.062219207753133755,0.12443841550626751,51.3643468203263
C101368,0.26315672966070286,0.5263134593214057,84.29044857025869
C101369,0.39406850715306224,0.7881370143061245,188.7557432301545
C101370,0.12472804163071917,0.24945608326143834,79.49577798245923
C101371,0.1670621071964156,0.3341242143928312,137.14796923958303
C101373,0.10428755805812565,0.2085751161162513,63.47436509842552
C101374,0.439729033184921,0.879458066369842,245.6602162894263
C101375,0.04341389274598872,0.08682778549197744,24.64925417495805
C101377,0.21571413096801476,0.4314282619360295,221.62399880003775
C101378,0.5509277571698168,1.1018555143396336,107.7894523792106
C101381,0.11878238995348929,0.23756477990697858,57.484884026679154
C101383,0.3812548896557129,0.7625097793114258,204.21853543559715
C101385,0.13514638638550855,0.2702927727710171,84.14840162275775
C101387,0.30427826604623054,0.6085565320924611,87.20404486785097
C101389,0.04721868936110746,0.09443737872221492,28.028541269075923
C101392,0.22089320820034314,0.4417864164006863,199.47115070903493
C101394,0.19410068253648866,0.3882013650729773,68.86866972127041
C101395,0.27865322365198725,0.5573064473039745,152.49218345273601
C101396,0.16280886150887797,0.32561772301775593,80.13359135642335
C101398,0.15815544978351623,0.31631089956703246,78.34682474222977
C101400,0.6333752930882289,1.2667505861764579,219.68076518027192
C101401,0.15258169982533365,0.3051633996506673,72.26689743865745
C101402,0.13294443047222237,0.26588886094444475,75.77610721613446
C101404,0.14902961911721127,0.29805923823442254,62.228959880958215
C101405,0.04285219494903491,0.08570438989806982,21.355805349295036
C101407,0.3308887964774352,0.6617775929548704,95.98370000195263
C101409,0.5494744621194351,1.0989489242388701,266.6776170109809
C101410,0.5155064074435486,1.0310128148870972,267.4717258497119
C101411,0.5884205807781454,1.1768411615562908,247.0311687226172
C101412,0.13958190265570292,0.27916380531140583,82.63108376156502
C101414,0.15178074754418838,0.30356149508837676,83.80596851923175
C101415,0.11243829580915056,0.22487659161830112,61.109093155837044
C101416,0.4975415432241757,0.9950830864483514,111.252361246124
C101417,0.19238702298045623,0.38477404596091247,80.54574340232982
C101418,0.1733173918155405,0.346634783631081,127.53978035769967
C101420,0.08178062584106392,0.16356125168212785,29.67081191789426
C101421,0.38984807372532865,0.7796961474506573,372.5487761620744
C101422,0.4367565292895686,0.8735130585791372,177.72969083780606
C101423,0.04198938094267925,0.0839787618853585,22.871951875781065
C101427,0.5446711764009332,1.0893423528018664,355.28981728397866
C101428,0.08173568446438029,0.16347136892876057,14.578296252677369
C101429,0.047058568877932215,0.09411713775586443,40.208804812528015
C101430,0.2889136853872039,0.5778273707744078,164.68450158192303
C101431,0.09687642472055791,0.19375284944111582,64.71334196820288
C101432,0.4903442590296436,0.9806885180592873,155.37954182158083
C101435,0.04246227490277667,0.08492454980555333,38.753504919054365
C101436,0.2092592698997731,0.4185185397995462,108.89379725447458
C101439,0.6068396588554098,1.2136793177108196,180.3195465167541
C101440,0.20488136776469568,0.40976273552939135,123.46702037766408
C101444,0.39949402958816244,0.7989880591763249,299.57569197364205
C101445,0.35631198961922067,0.7126239792384413,153.61589594427295
C101446,0.5976583686211808,1.1953167372423616,179.11205590200052
C101447,0.5709369343223915,1.141873868644783,187.69554491283935
C101449,0.030087020876311907,0.060174041752623815,8.44958711276841
C101450,0.24494468310681664,0.48988936621363327,169.300027455696
C101452,0.05431854194129366,0.10863708388258732,35.487473055081615
C101453,0.2799112203070364,0.5598224406140728,240.21144617154937
C101455,0.09980320830604708,0.19960641661209416,21.329002087363037
C101457,0.1292736395951664,0.2585472791903328,74.36755872735677
C101458,0.15700511807743758,0.31401023615487517,64.85954525660463
C101460,0.08473543360513396,0.1694708672102679,11.577761585381653
C101462,0.07398643473934445,0.1479728694786889,48.53124840446312
C101463,0.4150784314533273,0.8301568629066546,173.5593696177506
C101464,0.1810227470459522,0.3620454940919044,89.06092535473525
C101467,0.3206578521237065,0.641315704247413,302.4570612933713
C101468,0.2707841300407732,0.5415682600815463,146.80354540756565
C101470,0.4960021576560062,0.9920043153120124,202.1547715640561
C101471,0.16169070877327843,0.32338141754655686,92.30585387387234
C101472,0.5229402201672452,1.0458804403344903,166.19846622685145
C101473,0.03635315340332817,0.07270630680665634,0.0
C101474,0.24815746476950365,0.4963149295390073,81.91865879909895
C101475,0.4848260961618792,0.9696521923237584,164.60782102050592
C101477,0.0976453480211475,0.195290696042295,89.73047255189508
C101479,0.3554085405969615,0.710817081193923,154.6668559441627
C101480,0.6982075941715223,1.3964151883430447,167.5621433169041
C101482,0.3286931471954784,0.6573862943909567,200.70516854852772
C101483,0.4581411438973547,0.9162822877947094,216.82033959746613
C101484,0.0631246379662069,0.1262492759324138,53.1927533022879
C101490,0.2744050170508293,0.5488100341016586,151.98472864639575
C101491,0.16460001368238367,0.32920002736476733,77.25310559044027
C101492,0.3430099596218921,0.6860199192437842,254.49774181412994
C101493,0.6578821596214529,1.3157643192429058,248.40566663822096
C101494,0.7961038123266923,1.5922076246533845,493.1630524003197
C101496,0.417418866660842,0.834837733321684,183.7909897656639
C101500,0.10490837359699691,0.20981674719399382,61.10784390076863
C101503,0.26849142994588854,0.5369828598917771,153.63680667478204
C101506,0.16601805328102995,0.3320361065620599,116.19350957540848
C101507,0.08796466504586203,0.17592933009172407,54.30441646363582
C101509,0.30145562532018755,0.6029112506403751,115.08899504962238
C101510,0.3030438404036525,0.606087680807305,151.59612039256092
C101511,0.23639750222918665,0.4727950044583733,123.84733192490461
C101513,0.07029007436133103,0.14058014872266206,48.14388807758357
C101515,0.09166074764994228,0.18332149529988456,52.03064614833592
C101517,0.40204547508936644,0.8040909501787329,200.8710552160535
C101518,0.03512641489743451,0.07025282979486902,34.804622024929145
C101522,0.07173436194273407,0.14346872388546814,51.410353825890645
C101523,0.09131235388224869,0.18262470776449738,86.79282730283646
C101524,0.3321538723880147,0.6643077447760294,194.68096691078443
C101525,0.16227516258621938,0.32455032517243876,59.8571708731903
C101526,0.11479380928992852,0.22958761857985704,52.975001817457404
C101528,0.401184496942551,0.802368993885102,270.05028809573787
C101530,0.1884942935447114,0.3769885870894228,135.66091560004992
C101531,0.08391617711118268,0.16783235422236537,34.06748544660447
C101532,0.09230512577406351,0.18461025154812702,44.091193562621285
C101533,0.12245911578936,0.24491823157872,50.25249461388965
C101534,0.05719099841247127,0.11438199682494254,47.03806408598083
C101535,0.30682449514977617,0.6136489902995523,227.24371146159456
C101536,0.41051907420918876,0.8210381484183775,196.8802523781186
C101537,0.39880451822533275,0.7976090364506655,240.66714333666684
C101541,0.2234394594821096,0.4468789189642192,50.09984586579239
C101545,0.11591167015024617,0.23182334030049234,83.45603130535835
C101546,0.047018918105145295,0.09403783621029059,37.667722700720304
C101547,0.2394870342060884,0.4789740684121768,157.93964076573639
C101548,0.23245807587620243,0.46491615175240486,166.295568177976
C101551,0.03790818992893684,0.07581637985787368,27.831369746923194
C101555,0.6791022488891074,1.3582044977782148,325.29659506011535
C101556,0.1411495766819252,0.2822991533638504,93.49243127175833
C101558,0.3115243358394612,0.6230486716789224,123.8865887633955
C101559,0.04801675452160268,0.09603350904320536,32.87004493620573
C101560,0.69690616147485,1.3938123229497,166.0931750851583
C101562,0.29126922667178357,0.5825384533435671,119.01192742007329
C101563,0.6645687836660724,1.3291375673321448,315.0169103162024
C101565,0.5771368830351924,1.1542737660703848,146.7164027511935
C101566,0.15910797409010852,0.31821594818021703,120.06310856025416
C101567,0.08149999427887054,0.1629999885577411,47.008459537503896
C101569,0.45356187763487427,0.9071237552697485,267.3100292970534
C101570,0.3902481688112631,0.7804963376225262,172.68047104813826
C101572,0.5023487216790339,1.0046974433580678,94.49773459361124
C101573,0.07063804994296409,0.14127609988592818,36.8860435483132
C101575,0.07850380274953596,0.15700760549907192,59.48176099870729
C101581,0.508816142216239,1.017632284432478,183.57766002344982
C101582,0.04478023554354455,0.0895604710870891,29.145742601579634
C101587,0.29601366908783894,0.5920273381756779,125.4541231677028
C101588,0.16146297133433413,0.32292594266866825,87.47186332925236
C101590,0.3114539710418402,0.6229079420836804,200.42913084733453
C101593,0.5046175835202125,1.009235167040425,257.3046529577915
C101596,0.3215432252878423,0.6430864505756846,172.72569954512096
C101598,0.73583658299798,1.47167316599596,374.0756523408985
C101599,0.05484002755624766,0.10968005511249532,35.37660015698635
C101602,0.4045031579178461,0.8090063158356922,117.54286928614454
C101603,0.5769294767400514,1.1538589534801027,216.27758951119733
C101606,0.3982213264223573,0.7964426528447146,195.69505684607313
C101608,0.3912206584035354,0.7824413168070709,294.32339473959917
C101609,0.23844596322916767,0.47689192645833534,50.96205138688025
C101611,0.31857683695958006,0.6371536739191601,2021.0662104532032
C101612,0.03307980743023427,0.06615961486046854,13.40162635879609
C101613,0.04782026380133401,0.09564052760266802,22.197677089230055
C101614,0.04634362345444462,0.09268724690888924,25.547027832729828
C101615,0.05574487871483596,0.11148975742967192,38.368626426472275
C101616,0.18907848195260554,0.3781569639052111,173.85516484629048
C101617,0.33456392589523815,0.6691278517904763,200.19793452354466
C101618,0.05387499914463789,0.10774999828927578,38.67155244027862
C101619,0.3053259177169574,0.6106518354339148,149.5893055420271
C101620,0.35920784294013197,0.7184156858802639,83.39166911534139
C101621,0.37436467964718373,0.7487293592943675,192.65969753866852
C101623,0.779966154878753,1.559932309757506,433.28352905948327
C101624,0.030396016937705227,0.060792033875410455,30.306828407820475
C101625,0.05107846930041842,0.10215693860083684,5.20218075019595
C101628,0.25158964701527414,0.5031792940305483,109.06564868748441
C101631,0.1205838444402455,0.241167688880491,56.33660139828549
C101632,0.37671505185091864,0.7534301037018373,102.47045526033537
C101633,0.29064737312394423,0.5812947462478885,90.86119611940367
C101634,0.04535724125786856,0.09071448251573712,36.96431381245833
C101639,0.5843269100966383,1.1686538201932766,265.73341453068684
C101641,0.027774540369822312,0.055549080739644624,31.87758223833727
C101642,0.04887890106202676,0.09775780212405352,49.34421320547621
C101645,0.1108515124197544,0.2217030248395088,79.16635600960016
C101646,0.049994851352966066,0.09998970270593213,36.123661836862816
C101648,0.5234717245029861,1.0469434490059721,194.45593091556114
C101649,0.2701704330743339,0.5403408661486678,75.06707259469314
C101650,0.1328680569966036,0.2657361139932072,62.22844237082344
C101651,0.4181658655043765,0.836331731008753,157.45895604695093
C101655,0.5970214768053231,1.1940429536106463,360.44374755651074
C101657,0.18684090868975697,0.37368181737951395,99.44539973911472
C101658,0.6697336570798078,1.3394673141596156,193.39559330104686
C101659,0.21064145499102188,0.42128290998204376,157.17967701491423
C101660,0.12347705563132082,0.24695411126264163,108.82168528989072
C101661,0.11741690744904063,0.23483381489808125,66.27353084558003
C101663,0.034164788259248395,0.06832957651849679,32.78703470335267
C101665,0.1136404246324619,0.2272808492649238,81.34417468927916
C101666,0.040845698285761865,0.08169139657152373,22.89940686541916
C101667,0.06745257915708903,0.13490515831417807,19.418227258755586
C101670,0.07293102163283334,0.14586204326566668,49.661660955133996
C101673,0.26520985381987894,0.5304197076397579,82.94715801643127
C101674,0.11647974487091269,0.23295948974182537,1442.1370161207685
C101676,0.10412774445336125,0.2082554889067225,104.30869635731736
C101677,0.11224780615519435,0.2244956123103887,64.35948938303403
C101681,0.5045705859665987,1.0091411719331973,260.8760722342809
C101682,0.2682862161377968,0.5365724322755936,174.83121134431704
C101684,0.1982333046863108,0.3964666093726216,83.98417232546353
C101685,0.23590596888103407,0.47181193776206815,146.57775088172437
C101687,0.44493437179753176,0.8898687435950635,279.21911800615504
C101690,0.18112032868819733,0.36224065737639466,69.49751438797007
C101691,0.5049383635576671,1.0098767271153342,281.7545604252664
C101692,0.02388951646154457,0.04777903292308914,31.464804358680368
C101698,0.7047598930020712,1.4095197860041424,251.1956438093693
C101699,0.06944287478276481,0.13888574956552963,21.70716238671899
C101700,0.4960169353358545,0.992033870671709,158.65673280006263
C101703,0.47812545212856494,0.9562509042571299,351.69751788544465
C101704,0.09040345673960708,0.18080691347921415,36.30981258948584
C101707,0.12542656855379525,0.2508531371075905,1402.5741153258527
C101708,0.5929750124715143,1.1859500249430286,155.99640426287687
C101709,0.16914658403677152,0.33829316807354304,131.46198495873614
C101711,0.18140249267481795,0.3628049853496359,83.20617755908744
C101712,0.10581845730753521,0.21163691461507042,51.37340517967898
C101713,0.11704639741085823,0.23409279482171647,65.39457719760276
C101714,0.32522371621390733,0.6504474324278147,69.11041680055527
C101717,0.08513370406021896,0.17026740812043792,29.198171832604924
C101718,0.28610588623897004,0.5722117724779401,170.03605921965425
C101719,0.3212413374270704,0.6424826748541408,180.24218436069904
C101720,0.1670080550765716,0.3340161101531432,78.93373323776149
C101722,0.2517123985384214,0.5034247970768428,103.64298358018993
C101725,0.20457826161202,0.40915652322404,139.45059793826834
C101726,0.07473713095942583,0.14947426191885166,51.63438384539482
C101729,0.08474894568210088,0.16949789136420176,7.098852200580705
C101730,0.25853854098874673,0.5170770819774935,86.43642699510713
C101731,0.04753823979345718,0.09507647958691436,32.96180203556612
C101734,0.5249966838989164,1.0499933677978328,224.73876130618333
C101736,0.36051151955320343,0.7210230391064069,213.735563366272
C101737,0.14306617548645723,0.28613235097291445,75.35092228806727
C101738,0.45403031743641664,0.9080606348728333,246.83618668800608
C101740,0.07258019883216395,0.1451603976643279,47.650124146812686
C101742,0.18336779631424013,0.36673559262848027,99.2135560429859
C101743,0.13494492258792956,0.2698898451758591,77.75507664649906
C101745,0.43689105828682534,0.8737821165736507,103.0107199685825
C101746,0.38925129869057945,0.7785025973811589,285.1691031807602
C101748,0.1803360464744744,0.3606720929489488,92.73900317149945
C101749,0.37106932250484487,0.7421386450096897,149.92643041590478
C101750,0.13304494039338896,0.2660898807867779,84.73939572105905
C101751,0.67396764983646,1.34793529967292,313.0948721193511
C101752,0.3698157232755666,0.7396314465511332,159.7479096483966
C101753,0.5634081914721383,1.1268163829442766,354.3911824710231
C101755,0.234299732883355,0.46859946576671,111.61953080837273
C101756,0.5800861800772138,1.1601723601544276,237.4711520038045
C101757,0.2810691831469084,0.5621383662938167,154.04246430023326
C101762,0.14299817406370524,0.2859963481274105,98.76451953618512
C101763,0.2710248549888908,0.5420497099777816,65.36262398145666
C101764,0.04384780546121479,0.08769561092242958,21.29708006186117
C101765,0.4730434992720736,0.9460869985441472,264.00616222249903
C101766,0.043646900328087504,0.08729380065617501,35.95680598769971
C101767,0.11500583769757247,0.23001167539514494,50.186412754767744
C101768,0.3392521917870734,0.6785043835741468,173.4062878670451
C101770,0.033564362502105115,0.06712872500421023,32.558097399878456
C101771,0.1126155336611574,0.2252310673223148,71.60250357431607
C101772,0.3228255480414393,0.6456510960828786,110.92501068348172
C101774,0.16093081404198223,0.32186162808396446,80.26675648286265
C101779,0.032141813626185144,0.06428362725237029,29.555156328798322
C101781,0.19794590779049803,0.39589181558099606,113.45745692683806
C101786,0.48674196576067885,0.9734839315213577,213.288002408027
C101787,0.1056868036736461,0.2113736073472922,57.16472053071872
C101789,0.0777011029729436,0.1554022059458872,33.575988104787484
C101791,0.2866217742952521,0.5732435485905042,146.6577635996068
C101792,0.14062287437400361,0.28124574874800723,78.2923540970316
C101798,0.48048709240068155,0.9609741848013631,239.3651530993422
C101799,0.43983371475873534,0.8796674295174707,224.15331271363993
C101801,0.3494147878140438,0.6988295756280876,81.43718244457754
C101803,0.19040660428650996,0.3808132085730199,96.6967284661932
C101804,0.05095183431619211,0.10190366863238422,39.0073898695864
C101807,0.3705133733705082,0.7410267467410164,159.3907053229901
C101813,0.02533090441763276,0.05066180883526552,18.565194162119145
C101814,0.2187159707577187,0.4374319415154374,133.23556665906588
C101815,0.06469191013436555,0.1293838202687311,38.568457462177165
C101817,0.3110894552229509,0.6221789104459018,101.72285773502242
C101818,0.26133113491258364,0.5226622698251673,98.82078131165336
C101819,0.23530129995302884,0.4706025999060577,144.4190749775086
C101820,0.7477680256535587,1.4955360513071174,266.5870569529373
C101821,0.05149394062929767,0.10298788125859534,38.50530693473756
C101823,0.10167987018429062,0.20335974036858123,61.96099303157825
C101825,0.038744876231204484,0.07748975246240897,27.97163397392414
C101826,0.038022362531420446,0.07604472506284089,40.16874958659585
C101828,0.45669538410295774,0.9133907682059155,88.60071902767316
C101829,0.12856313377532444,0.2571262675506489,60.983195238881976
C101830,0.6107193253165715,1.221438650633143,266.1874757018166
C101832,0.045263156927425795,0.09052631385485159,25.158442060631426
C101833,0.6593393953300937,1.3186787906601873,322.48009076013335
C101836,0.36406674640286085,0.7281334928057217,66.33456587757112
C101837,0.517228688914644,1.034457377829288,151.60149059635123
C101838,0.20661235773579437,0.41322471547158873,87.56340337061964
C101841,0.09945980506860776,0.1989196101372155,52.129024648766126
C101842,0.042658067737520525,0.08531613547504105,37.085252349182156
C101845,0.14619412060467524,0.2923882412093505,96.94204197311339
C101847,0.12954048897902146,0.2590809779580429,95.11097707495057
C101848,0.09145207974602566,0.18290415949205133,81.07306048353479
C101849,0.08509133651259441,0.17018267302518883,63.976985200782565
C101851,0.05643935403810903,0.11287870807621805,25.93007389817588
C101852,0.03581232615644578,0.07162465231289156,15.367097514166865
C101853,0.34998996653847303,0.6999799330769461,88.46484250726614
C101854,0.6120496213611515,1.224099242722303,106.05674458935016
C101855,0.2972013966327986,0.5944027932655972,120.30245752372574
C101856,0.03891210075260684,0.07782420150521369,39.37291808098546
C101857,0.40766638199091715,0.8153327639818343,231.85672977772396
C101859,0.3396759775878505,0.679351955175701,180.3188275926956
C101861,0.5536098865222919,1.1072197730445839,175.20058690311885
C101864,0.6306575695189107,1.2613151390378214,124.27415383813965
C101866,0.0882578214187687,0.1765156428375374,98.98026103192201
C101867,0.5064448116024235,1.012889623204847,99.35003532517983
C101868,0.3660577232082301,0.7321154464164602,81.75912462546039
C101869,0.046148657467732404,0.09229731493546481,32.63784377027169
C101871,0.3582331648276126,0.7164663296552252,141.9353657244855
C101873,0.07747814445492579,0.15495628890985158,14.148214539145682
C101874,0.6270481695037766,1.2540963390075532,277.9679668151946
C101875,0.19045301954479998,0.38090603908959997,174.40843273701648
C101877,0.600844665498673,1.201689330997346,213.36029213418362
C101879,0.2111237906422523,0.4222475812845046,237.69515515144843
C101880,0.5892086574095468,1.1784173148190935,166.50992999554086
C101881,0.44627600190584044,0.8925520038116809,312.682379530263
C101882,0.05959732721420023,0.11919465442840046,37.5713645491614
C101884,0.12619526193779493,0.25239052387558986,76.57115662975356
C101885,0.23208673951558537,0.46417347903117073,89.27175055463327
C101886,0.05097770828647903,0.10195541657295806,21.873815018973218
C101887,0.164427615901625,0.32885523180325,71.77531824417616
C101888,0.5075313083266897,1.0150626166533794,155.41140257539845
C101889,0.04092586582537333,0.08185173165074666,33.78622957945282
C101890,0.3965972373718863,0.7931944747437726,298.6924036580702
C101891,0.3092490011559773,0.6184980023119546,197.5338059462096
C101893,0.13899185844967027,0.27798371689934054,89.139364253729
C101897,0.39101022249889694,0.7820204449977939,124.18939266470153
C101899,0.5486130870244157,1.0972261740488314,299.74238516494154
C101900,0.4842017985763872,0.9684035971527744,139.0103404546644
C101901,0.23935184603038534,0.4787036920607707,202.87408049112275
C101902,0.05601502272830061,0.11203004545660122,18.248413045942826
C101906,0.04779023859746038,0.09558047719492076,25.17643936593928
C101907,0.405743841842133,0.811487683684266,183.177634574153
C101909,0.7202312588581012,1.4404625177162025,338.4964577255061
C101910,0.06588761299544461,0.13177522599088923,27.128652167001615
C101912,0.3345465637823744,0.6690931275647488,150.01796218865536
C101913,0.45885907309189655,0.9177181461837931,216.30503476733548
C101915,0.2584032219982331,0.5168064439964662,146.37746278283447
C101916,0.054834492779836735,0.10966898555967347,33.2789728769346
C101918,0.17824880285518344,0.35649760571036687,97.2744433054904
C101919,0.09467850092612333,0.18935700185224666,25.4641334096566
C101920,0.060958484647902836,0.12191696929580567,32.412181242955825
C101923,0.09953221401344423,0.19906442802688845,92.84355866212198
C101926,0.1361334532054425,0.272266906410885,56.61587733528438
C101928,0.3423325614926677,0.6846651229853354,141.95166837784961
C101930,0.2196021966747691,0.4392043933495382,151.79168939814176
C101933,0.07514522342893433,0.15029044685786866,44.575520963363616
C101934,0.14165753339623247,0.28331506679246493,97.56605280404203
C101935,0.04789908424209094,0.09579816848418188,30.967256241362982
C101938,0.2911733714523038,0.5823467429046076,174.39043453551682
C101939,0.8296206417096853,1.6592412834193706,389.2576363790819
C101942,0.03832661188414009,0.07665322376828018,12.704508040465708
C101943,0.21113718876763604,0.4222743775352721,94.31125288933582
C101945,0.21655826248252336,0.4331165249650467,145.8196064151935
C101946,0.2991204410356526,0.5982408820713052,66.55394019425648
C101948,0.13510850381506176,0.2702170076301235,101.26169984827345
C101950,0.4200610327670159,0.8401220655340318,175.3015722916286
C101952,0.2356126729212321,0.4712253458424642,155.5224662448952
C101953,0.46254109755430894,0.9250821951086179,195.67843103348162
C101954,0.05845881060585649,0.11691762121171298,43.67147898937798
C101955,0.5190520421465344,1.0381040842930689,149.00604071041425
C101957,0.17447989578934842,0.34895979157869683,100.64589004968657
C101959,0.22663652191320277,0.45327304382640554,65.35894780948777
C101960,0.39917143526862287,0.7983428705372457,185.21985951029788
C101962,0.2760647464285238,0.5521294928570476,96.92987813871068
C101963,0.13112002027062478,0.26224004054124955,74.78772240206904
C101966,0.11901118184728163,0.23802236369456325,101.86358788355804
C101967,0.13112002027062478,0.26224004054124955,95.48915211124614
C101968,0.4047380211359469,0.8094760422718938,168.45618349462276
C101971,0.17681328520855413,0.35362657041710827,108.18444530922238
C101974,0.09854394075161028,0.19708788150322057,68.77269879236002
C101975,0.3641119369634281,0.7282238739268562,309.30587999388507
C101976,0.042023365056685275,0.08404673011337055,43.68708322356883
C101978,0.09288070873103149,0.18576141746206298,54.2011543921909
C101979,0.21339533694493887,0.42679067388987774,141.0238588661481
C101980,0.32008239036292113,0.6401647807258423,135.77047384882644
C101982,0.5532182992346294,1.1064365984692588,184.8170231751064
C101983,0.5257670089318429,1.0515340178636858,187.31841568656233
C101984,0.25927731584281927,0.5185546316856385,147.07895326136753
C101986,0.45779807455258686,0.9155961491051737,220.53942710476707
C101987,0.22814556730454677,0.45629113460909354,129.66760899601405
C101988,0.13781166189673724,0.2756233237934745,83.85947730618301
C101989,0.07226381554004047,0.14452763108008093,47.47500613720175
C101995,0.4093509665039998,0.8187019330079996,206.0225549711462
C101996,0.05519783872325872,0.11039567744651745,30.957831487208907
C101998,0.42405917966855405,0.8481183593371081,292.1876270244666
C101999,0.10656726637715666,0.21313453275431332,76.53019214264415
C102001,0.27104461522718387,0.5420892304543677,149.4901300002464
C102002,0.04030140450153042,0.08060280900306084,16.5224169496568
C102005,0.04475254923869726,0.08950509847739452,13.673288985891302
C102007,0.466269139510909,0.932538279021818,303.53237457015325
C102009,0.1263224982085259,0.2526449964170518,51.6418865428609
C102012,0.49276275410967246,0.9855255082193449,246.01075620308356
C102013,0.25983871939533876,0.5196774387906775,88.96981036369883
C102015,0.5307815136512102,1.0615630273024204,324.8004994619963
C102018,0.05167476937221315,0.1033495387444263,8.837829805342855
C102021,0.10333500095722768,0.20667000191445536,53.21414708442748
C102022,0.5896811315620207,1.1793622631240415,324.39033170654596
C102023,0.2900049667903738,0.5800099335807476,126.47208694412825
C102024,0.23949118630419225,0.4789823726083845,105.80639893640384
C102025,0.2221269784601376,0.4442539569202752,151.45891246222925
C102026,0.4449738831142351,0.8899477662284702,220.24291926427173
C102027,0.38311442296343884,0.7662288459268777,147.67383304879286
C102031,0.22885448036032982,0.45770896072065964,184.1377959182337
C102032,0.06646075621884401,0.13292151243768802,29.784506561986817
C102034,0.0779602675504764,0.1559205351009528,53.4960023644721
C102036,0.14321665686877172,0.28643331373754344,83.60530105980294
C102037,0.4297992057384095,0.859598411476819,162.59676567657192
C102038,0.07152402354124904,0.14304804708249808,50.13408734503837
C102039,0.05653963218533495,0.1130792643706699,35.36252822905618
C102041,0.09298118071355338,0.18596236142710676,68.868744196761
C102042,0.17627931701693278,0.35255863403386556,88.9737675391608
C102043,0.13965991021426055,0.2793198204285211,81.56943175052251
C102044,0.10574333214497146,0.21148666428994292,60.35626561492496
C102045,0.1478384372913899,0.2956768745827798,152.7343899758181
C102046,0.15210239181450053,0.30420478362900105,90.06838235741881
C102047,0.04561140879996016,0.09122281759992032,37.21331003919059
C102048,0.17202109395820567,0.34404218791641134,139.75866984031987
C102049,0.170497213727892,0.340994427455784,70.85814554676364
C102051,0.37434999790015827,0.7486999958003165,276.0065841983648
C102053,0.4095928491156343,0.8191856982312686,209.72421730887308
C102054,0.3537819304232174,0.7075638608464347,198.05806144641653
C102055,0.3451005676981718,0.6902011353963436,311.68532056288996
C102056,0.5968063600490744,1.1936127200981488,137.94190107309512
C102057,0.14586243520399578,0.29172487040799155,90.53699616689613
C102059,0.381665912459999,0.763331824919998,132.1563445267989
C102061,0.5987814244328966,1.1975628488657932,234.00013694810508
C102062,0.4069738442545372,0.8139476885090744,169.0901166025103
C102067,0.44094060800314683,0.8818812160062937,318.6248102097966
C102070,0.027917811350694165,0.05583562270138833,22.711024244306863
C102074,0.7340902136862912,1.4681804273725825,159.88311770187607
C102076,0.15389092202899435,0.3077818440579887,104.25404480531964
C102077,0.19858378241286365,0.3971675648257273,86.97368091040153
C102079,0.13537423741737903,0.27074847483475806,94.61993143619608
C102084,0.13522590999280806,0.2704518199856161,86.36531472262219
C102087,0.32410189536467926,0.6482037907293585,161.28885187437157
C102088,0.4533852221789848,0.9067704443579696,544.4742860200289
C102089,0.049709267688772145,0.09941853537754429,29.563364416302168
C102090,0.41157334393602013,0.8231466878720403,214.96764787845683
C102091,0.05142295391126986,0.10284590782253972,26.435216410506275
C102092,0.4901832723289202,0.9803665446578405,233.70305593507175
C102093,0.4382503242495171,0.8765006484990342,317.52416811855585
C102094,0.21284683445612038,0.42569366891224075,128.99838931275298
C102097,0.025993779936696035,0.05198755987339207,12.96048673764019
C102098,0.059031569142103536,0.11806313828420707,39.43408688728399
C102100,0.5191108633606197,1.0382217267212395,363.58327090883824
C102101,0.07172438091426797,0.14344876182853594,21.091535816392792
C102102,0.30247309940850897,0.6049461988170179,199.91209852464777
C102103,0.3357187367370981,0.6714374734741962,268.7125086835764
C102107,0.378375414887486,0.756750829774972,208.35522771439238
C102108,0.16128188816780709,0.32256377633561417,72.93939226490912
C102109,0.22070656102927844,0.4414131220585569,131.16491998259596
C102110,0.039868346850055594,0.07973669370011119,35.97682663408771
C102115,0.14841946919882432,0.29683893839764863,94.63033733487642
C102117,0.2196760459871459,0.4393520919742918,115.23499282486554
C102119,0.028362753688942293,0.056725507377884586,24.928154719044297
C102120,0.11179291909631564,0.22358583819263128,90.80230505227516
C102121,0.28200123362760715,0.5640024672552143,125.61920696252211
C102122,0.450271201821462,0.900542403642924,124.219273748015
C102123,0.2814538187508527,0.5629076375017054,1780.0674996268094
C102124,0.1321850405298207,0.2643700810596414,60.841488300589944
C102126,0.7101561469119457,1.4203122938238915,303.46917334532293
C102127,0.184501699141477,0.369003398282954,124.96263019526805
C102129,0.33246187678850114,0.6649237535770023,189.66262354207527
C102130,0.11383892456058595,0.2276778491211719,55.40234810764354
C102131,0.20588501493714925,0.4117700298742985,109.7234775091312
C102133,0.16082640504069465,0.3216528100813893,91.58920335771082
C102134,0.4227861911243802,0.8455723822487604,243.99360391591998
C102136,0.48296902918552864,0.9659380583710573,296.2275466353509
C102138,0.0401114879396462,0.0802229758792924,40.94045078582518
C102139,0.4882284092114836,0.9764568184229672,211.2028764825052
C102141,0.1483809335429859,0.2967618670859718,153.40072510267203
C102145,0.0542795678302435,0.108559135660487,22.027070025573877
C102146,0.045254098284224636,0.09050819656844927,26.652020324132902
C102148,0.2059566181349462,0.4119132362698924,117.73944477254634
C102149,0.08590737997951112,0.17181475995902223,74.6563183569893
C102152,0.03431213602842707,0.06862427205685415,16.403382576072712
C102153,0.2681192237949038,0.5362384475898077,99.40998994353644
C102155,0.071618436880412,0.143236873760824,53.412026742105695
C102156,0.1444493025641134,0.2888986051282268,99.63186217641193
C102157,0.44243687427699463,0.8848737485539893,184.18416468922817
C102160,0.08781235166099752,0.17562470332199503,46.3408061807585
C102161,0.16489019535364396,0.32978039070728793,72.5661159208967
C102163,0.027938321776031335,0.05587664355206267,0.0
C102165,0.06767176835986395,0.1353435367197279,68.52933587640277
C102166,0.09854394075161028,0.19708788150322057,91.49342678329116
C102167,0.5742008953935388,1.1484017907870776,331.3373725055156
C102168,0.18663423293127449,0.37326846586254897,90.83087555745891
C102172,0.662677822017106,1.325355644034212,239.91305972243097
C102175,0.09245971325174712,0.18491942650349424,51.67433618981738
C102177,0.16161119076470412,0.32322238152940824,69.45594280647865
C102179,0.06716304167585496,0.13432608335170992,45.7700574632415
C102181,0.11822855690767725,0.2364571138153545,45.858553118783846
C102182,0.1350410960518902,0.2700821921037804,93.32307891738641
C102183,0.039105605736747755,0.07821121147349551,10.879151123767569
C102184,0.30030613422965885,0.6006122684593177,244.31354445585959
C102185,0.6184550727131857,1.2369101454263713,277.2682076495992
C102186,0.054574675597577754,0.10914935119515551,15.960659163698288
C102187,0.5439624979187878,1.0879249958375756,172.04374114309053
C102188,0.051753540323059094,0.10350708064611819,40.94011269197099
C102189,0.2901528023182274,0.5803056046364548,66.04470405352714
C102190,0.15503221187772734,0.3100644237554547,96.08012483822505
C102191,0.050346392254157525,0.10069278450831505,17.908271603950286
C102193,0.04926216933884437,0.09852433867768874,34.0322840122348
C102194,0.3126755561093064,0.6253511122186128,121.77691134026036
C102196,0.41538704387490033,0.8307740877498007,236.59609825412832
C102197,0.36601635377932845,0.7320327075586569,223.36215754738564
C102199,0.050037663363663894,0.10007532672732779,13.332912959935213
C102200,0.24417288088304698,0.48834576176609396,165.23131091565398
C102201,0.44823189499804217,0.8964637899960843,189.8897198930339
C102202,0.029355004636388207,0.05871000927277641,46.27621450531306
C102203,0.10562004564319284,0.21124009128638568,83.01839585676888
C102205,0.10536334620254408,0.21072669240508815,67.70383663929253
C102206,0.30424285488374864,0.6084857097674973,105.9827743878534
C102207,0.06920836895153265,0.1384167379030653,49.054377236243084
C102208,0.2811921982143723,0.5623843964287446,77.24307763034452
C102209,0.15588526746458953,0.31177053492917906,63.68645947081164
C102211,0.14432312024827404,0.2886462404965481,86.97073477111202
C102212,0.18235975149168612,0.36471950298337225,86.13490789616932
C102213,0.06486853403423086,0.12973706806846172,47.155225221177595
C102215,0.4944329416274927,0.9888658832549854,216.13983634758426
C102216,0.07363004774751124,0.14726009549502247,53.69177246916705
C102217,0.041666643414291875,0.08333328682858375,17.679999241042488
C102218,0.09202332740984583,0.18404665481969165,53.51890879785007
C102219,0.6283436849252962,1.2566873698505925,329.2263299737426
C102221,0.12720976645408955,0.2544195329081791,79.4298448237459
C102222,0.20959096592627355,0.4191819318525471,100.26520348538246
C102223,0.04979825524430031,0.09959651048860062,41.025945806329695
C102226,0.057408499424121004,0.11481699884824201,28.505870660549547
C102227,0.6241389540207702,1.2482779080415405,321.2339700564526
C102228,0.05113432156921968,0.10226864313843936,30.213183508424624
C102230,0.06506115896499408,0.13012231792998816,89.88992916815127
C102231,0.030148799092851272,0.060297598185702544,20.866656732294626
C102232,0.08668194634156533,0.17336389268313065,84.10918264683716
C102233,0.5128006729675015,1.025601345935003,290.742347874579
C102234,0.37079067142267935,0.7415813428453587,222.67651381337515
C102235,0.4715782747134192,0.9431565494268384,393.54394038994644
C102237,0.176716158903112,0.353432317806224,105.89254454515896
C102238,0.12450391098390738,0.24900782196781476,68.74539052110852
C102241,0.09453248910407899,0.18906497820815799,24.803895445422175
C102242,0.3979726982382204,0.7959453964764408,114.70081673019646
C102243,0.13112002027062478,0.26224004054124955,88.21795643342793
C102244,0.20374480563306735,0.4074896112661347,107.99667787245052
C102246,0.7905774255338732,1.5811548510677464,215.38855851746962
C102247,0.21097458302045527,0.42194916604091054,220.00100936127598
C102248,0.24201453306684437,0.48402906613368873,93.62305550257872
C102249,0.6234043927808157,1.2468087855616314,182.45441970463588
C102250,0.35093690711643555,0.7018738142328711,157.6273183223457
C102252,0.03539157366957535,0.0707831473391507,10.429427855083327
C102253,0.26572471226824496,0.5314494245364899,112.7254428746099
C102255,0.02596016246246313,0.05192032492492626,27.044871553819856
C102257,0.10801278649802426,0.21602557299604852,99.79921877578569
C102258,0.43755570706027214,0.8751114141205443,181.75016804363023
C102260,0.04121866745981425,0.0824373349196285,28.045951347767573
C102261,0.28610946228569234,0.5722189245713847,197.26630846597163
C102264,0.23764233871427817,0.47528467742855635,96.28857395197085
C102267,0.13132744091741763,0.26265488183483526,96.34384486852728
C102270,0.5361709414325682,1.0723418828651363,160.3608845761458
C102273,0.1705927179723665,0.341185435944733,86.82286189201042
C102274,0.12326875243396611,0.24653750486793222,85.62677699804124
C102276,0.09376422899237725,0.1875284579847545,62.796504858233824
C102278,0.04592205393810148,0.09184410787620297,27.994882925945845
C102279,0.2124431862652021,0.4248863725304042,68.86677297986347
C102282,0.04070798546466981,0.08141597092933962,21.63913357829609
C102285,0.5041713251345161,1.0083426502690322,108.94712907949301
C102286,0.1477885670476364,0.2955771340952728,79.15149958360502
C102287,0.7561942254520457,1.5123884509040915,217.06092578332314
C102290,0.4672329687894472,0.9344659375788944,-1.9220751891141765
C102292,0.6426368453966591,1.2852736907933182,176.3534917217853
C102293,0.03742305489831172,0.07484610979662344,22.593265227925023
C102294,0.11433216410874533,0.22866432821749066,68.58404280110032
C102296,0.04229967812019998,0.08459935624039996,-13.0151922748848
C102297,0.030314307337449647,0.060628614674899294,39.60387247196074
C102300,0.17104295076831172,0.34208590153662344,138.50718004601612
C102301,0.053230126531867754,0.10646025306373551,42.0897480265445
C102303,0.6726512044431736,1.3453024088863472,1973.897072260712
C102304,0.09743694351491777,0.19487388702983555,78.80193284961766
C102305,0.3336467631574878,0.6672935263149756,182.92460109259096
C102307,0.4128113903952957,0.8256227807905914,155.09843443759556
C102308,0.11477148500834007,0.22954297001668014,82.34249270201707
C102309,0.2549635910975234,0.5099271821950468,166.11953055357918
C102312,0.1788589812242585,0.357717962448517,65.06184476053294
C102313,0.12350234561355015,0.2470046912271003,79.06009742379815
C102314,0.12624975772526437,0.25249951545052873,55.347953587758866
C102316,0.18265919448580806,0.3653183889716161,106.20279566482556
C102317,0.1000784592459764,0.2001569184919528,47.44638394727896
C102319,0.4847770259836333,0.9695540519672666,238.23725812596058
C102320,0.26571825593695003,0.5314365118739001,174.22611792972117
C102323,0.06736428540336986,0.13472857080673972,47.21605583126844
C102324,0.04621964366445748,0.09243928732891496,23.67315935641759
C102325,0.17438447207387828,0.34876894414775655,88.15553818949736
C102326,0.2398744440451909,0.4797488880903818,196.39611193675825
C102328,0.3863536922538997,0.7727073845077994,234.95164021586407
C102329,0.09404469136769275,0.1880893827353855,65.82015180354036
C102330,0.41245483948286,0.82490967896572,216.8541915058035
C102331,0.5287204911967839,1.0574409823935678,349.8190366986987
C102333,0.03337613833599877,0.06675227667199754,31.22383913818937
C102334,0.30219680277630384,0.6043936055526077,69.09456235531069
C102335,0.24839352597885053,0.49678705195770106,59.448499707112866
C102337,0.04143091607425382,0.08286183214850763,31.82530924684464
C102338,0.04974389140084704,0.09948778280169408,25.771993628871712
C102339,0.38272691458847613,0.7654538291769523,71.34870879276536
C102340,0.10884650255501481,0.21769300511002962,105.11126020109775
C102341,0.08245478524266067,0.16490957048532134,58.10568937580783
C102342,0.09598684980422208,0.19197369960844415,104.10698292380152
C102343,0.1896168897642722,0.3792337795285444,128.5381049390296
C102345,0.30695423396150523,0.6139084679230105,115.31257206242361
C102346,0.025849789727827772,0.051699579455655544,27.50194400276539
C102347,0.3981448106087282,0.7962896212174564,199.20767261553158
C102348,0.08477055553666006,0.16954111107332012,103.94881395219669
C102352,0.12330988553112994,0.24661977106225988,70.25949029706896
C102354,0.09464734075866936,0.18929468151733872,49.40143448843875
C102356,0.5987447342375681,1.1974894684751363,179.82680770704167
C102358,0.20236149778952875,0.4047229955790575,98.55536536982667
C102359,0.24541610863771537,0.49083221727543075,123.85472706893228
C102360,0.04972548656750471,0.09945097313500942,11.731141883350551
C102361,0.6740891218196604,1.3481782436393208,260.77717115985325
C102362,0.4317215755451149,0.8634431510902298,83.08280302888302
C102366,0.06220795772272139,0.12441591544544278,16.978680323226186
C102367,0.03863885056871453,0.07727770113742906,41.01196208230193
C102369,0.4423098192502885,0.884619638500577,132.23096422886647
C102370,0.40221706202454427,0.8044341240490885,308.4888816720604
C102371,0.036358239180323854,0.07271647836064771,38.78942785752102
C102372,0.05908585143841463,0.11817170287682927,6.172307799880097
C102373,0.057913350324913605,0.11582670064982721,22.46159148408102
C102374,0.0356210265939287,0.0712420531878574,28.52717587639264
C102375,0.2783691471222215,0.556738294244443,167.35130504977002
C102376,0.11325818848257724,0.22651637696515448,104.58505146381871
C102378,0.14439228873579643,0.28878457747159286,70.92943405584467
C102379,0.10385356807813473,0.20770713615626946,77.25702549991655
C102381,0.07450590102616346,0.14901180205232692,40.85885968098075
C102382,0.544440953399612,1.088881906799224,264.51640208875153
C102383,0.6512647534451961,1.3025295068903922,304.70513967797757
C102384,0.3749506398492708,0.7499012796985416,218.65840025522954
C102385,0.5094487563985272,1.0188975127970543,332.8407358049186
C102388,0.08188183480561873,0.16376366961123745,26.429072936871204
C102390,0.15069091760102554,0.3013818352020511,70.58695074135926
C102391,0.1358576672723427,0.2717153345446854,87.88917960365207
C102392,0.10623285634797917,0.21246571269595835,1496.7889223231605
C102395,0.224781018574581,0.449562037149162,73.62325586680593
C102396,0.3227876709599313,0.6455753419198627,160.49382811756846
C102398,0.034391357291587495,0.06878271458317499,19.441157578267955
C102399,0.17098305098779965,0.3419661019755993,84.42308747528494
