week_date,pc1,pc2,pc3,regime_label,cluster_dist_0,cluster_dist_1
2014-02-07,-10.645785035855877,2.322152666372418,1.376710058599175,1,19.692898444155414,8.257375984490144
2014-02-14,-10.920049459229984,3.0528383725710744,1.5537679016310673,1,20.82911882640076,10.318459534045411
2014-02-21,-10.741774701220715,2.5673588381596817,1.458723992722065,1,19.831045863426898,8.436270247655399
2014-02-28,-10.673000378630732,2.2892680059590367,1.3633561341826788,1,19.299892020332358,7.185660385107445
2014-03-07,-10.753029373498086,2.310357325745748,1.7081841121548647,1,19.39443375962831,7.277459968203305
2014-03-14,-10.619651252562386,2.26980649120288,1.956221268806106,1,19.725985784569815,8.432554455711385
2014-03-21,-11.221397223112088,3.2895087149167326,2.431605588323645,1,22.605823069004597,13.284106393603427
2014-03-28,-10.831824733305732,2.463548266395295,2.8707446648339037,1,22.171650498060895,12.991623531494596
2014-04-04,-10.881338195858278,2.7846257776775514,2.480116634038184,1,19.992556954199863,8.441562761556051
2014-04-11,-10.898676273495742,2.673490695986617,1.606002076833129,1,19.648795997624223,7.673334487641176
2014-04-18,-10.821698073562176,2.655704698846046,1.9649865985145585,1,19.599667579899172,7.685695501779865
2014-04-25,-10.735572764419862,2.9909620949966738,1.90779053106378,1,19.49873085320425,7.529816279549964
2014-05-02,-10.904435635560995,3.237112015358556,2.112982093407531,1,19.716530916174595,7.703357162558093
2014-05-09,-10.88173703673906,2.582880161693082,2.5652649445449893,1,19.58487324880679,7.4562847380632
2014-05-16,-10.827104826242651,2.453630620576503,3.462150965579512,1,19.763651928021346,8.002580276074244
2014-05-23,-10.859540019080578,1.954228283942694,3.9639182408204827,1,19.836831603120878,8.151317367721635
2014-05-30,-10.119948673934767,2.114210952663441,3.835031563279756,1,19.04433995476775,7.436543811922343
2014-06-06,-10.63010619961281,1.8922334671808902,4.309966123721757,1,19.637018062096868,8.027378173351432
2014-06-13,-10.513001072315925,2.03841280032996,4.1537873410631505,1,19.449504750314873,7.768005280310591
2014-06-20,-10.521988194254037,2.271190386853694,3.9806698933937614,1,19.386841303992394,7.533340675358207
2014-06-27,-10.54696378765767,2.166934182118061,3.967632724066104,1,19.371366136745642,7.469126799394205
2014-07-04,-10.406949060012527,2.237583925606355,4.33200164966969,1,19.469091379972784,7.963207741659417
2014-07-11,-10.358548784503316,2.6967288646011895,3.5539183610881375,1,19.305553779014648,7.679345118632895
2014-07-18,-10.197617168020706,2.4633391772469957,3.6232845359861794,1,19.14129185530123,7.619062266068123
2014-07-25,-10.239018138512256,2.908557187620152,3.7474729511381413,1,19.33528770818976,7.9964366944960314
2014-08-01,-10.033320967272354,2.6152088078840054,3.1053171604155034,1,18.88087828408257,7.20923260362853
2014-08-08,-10.006495702549989,2.5519887561368595,2.8987055300319104,1,18.79879769257183,7.034366675205661
2014-08-15,-10.235765781187558,2.820771871596518,3.4534588724425985,1,19.935955499870815,9.490848829012249
2014-08-22,-10.194441134277715,2.421473728148264,3.5081024514058847,1,19.38064063255792,8.270098972756859
2014-08-29,-10.079833457784824,2.382510591031801,3.393381998542943,1,19.016331483908356,7.599685258835193
2014-09-05,-10.091597277121588,1.808216275408601,3.708168026301937,1,18.83386143014167,7.015219970450295
2014-09-12,-10.125077194616424,2.1966394230774338,3.551348877705543,1,18.86270171251011,6.979244692940427
2014-09-19,-10.237058204309875,2.4146892903054895,3.437437903653256,1,19.14486509631234,7.57850759093066
2014-09-26,-10.008975988756669,2.3481027095625757,3.08740419601598,1,18.77094482753365,6.99569597802519
2014-10-03,-9.911182996575981,2.233220377914246,2.878033018784825,1,18.66164203596484,6.943753108560627
2014-10-10,-10.069754730864618,2.311042101981573,2.8376251760297917,1,18.71678057958069,6.6973688808260095
2014-10-17,-9.940309738442307,2.2507501103477376,2.534922951446931,1,18.54355825504473,6.507384476595285
2014-10-24,-9.852989420985818,2.6878906140590644,2.5860831586298305,1,18.5891525493043,6.826583037276991
2014-10-31,-9.274246371720555,2.5115021408515528,2.722646630007126,1,17.943432100219557,6.170087682425392
2014-11-07,-9.694798037764539,2.0369982797535036,2.866598698682116,1,18.36802602271089,6.529354164287456
2014-11-14,-9.727358853276689,2.179850614617103,2.7611096893615925,1,18.400884353426253,6.549279992423276
2014-11-21,-9.667625497700117,2.139761583193178,2.8216567555588616,1,18.34227014657515,6.5020480815476995
2014-11-28,-9.673481068669583,2.0760680984960347,2.973085652202311,1,18.371075755425803,6.564786635231145
2014-12-05,-9.59690742626214,2.0499938097030785,3.025039541786331,1,18.286936555197382,6.5093433138617085
2014-12-12,-9.535770367520342,2.211911668737886,2.396604958239502,1,18.216329677030345,6.413206178714605
2014-12-19,-9.580925074488256,2.6933456140231646,1.8308138294311163,1,18.34626269580904,6.64597217421708
2014-12-26,-9.562034734937278,2.7034944039407844,1.3620836307382724,1,18.320779302237366,6.604524009623783
2015-01-02,-9.692130840310973,2.882457325681592,1.3214282074922903,1,18.39580221689445,6.508122206589764
2015-01-09,-9.743294522883641,2.4787542343474662,1.4246596045896676,1,18.324893144506838,6.258897043955224
2015-01-16,-9.669912159754926,2.371684267351506,1.6490890891782501,1,18.178012378481334,5.961895253263375
2015-01-23,-9.651436574958142,2.1380136167711665,2.015147740980268,1,18.178931294029912,6.031948045658113
2015-01-30,-8.965841678698077,2.479011242085785,2.072489040633851,1,17.53931023604118,5.565629357210129
2015-02-06,-9.494086668693711,1.9099190026518462,1.9418972713503388,1,17.990204854963988,5.804265799010725
2015-02-13,-9.349566798249608,2.000317282176724,1.9414082288049994,1,17.820847045839155,5.599526733918638
2015-02-20,-9.344449262161932,1.8862124673054887,2.1113687522389863,1,17.86738787425316,5.778517078687767
2015-02-27,-9.577703350098037,1.805601760853118,2.256499304419564,1,18.09576399201162,5.973936352240736
2015-03-06,-9.266726643494076,1.610006139298495,2.071871437237995,1,17.82209523496617,5.899451272455357
2015-03-13,-9.316370248198163,1.8381451380835758,1.313054064248142,1,17.791973345455144,5.672798701942321
2015-03-20,-9.402382330675149,1.815141132485021,1.4168186973386698,1,19.645784411514313,9.976481873640049
2015-03-27,-9.416684667138812,1.9840330200413674,0.9284516550866208,1,19.283764671955854,9.223062406727157
2015-04-10,-9.489943235993927,1.7259854449177963,1.1809771798260849,1,17.802782688473258,5.141232272664432
2015-04-17,-9.672590778696543,1.837581103359111,0.8172992806114857,1,18.05850812002883,5.620011799959653
2015-04-24,-9.431763688155216,2.160043041975664,-0.03213478677484521,1,17.936602229826406,5.824609229291137
2015-05-01,-9.359897537154206,2.212712235820698,-0.0346978192451319,1,18.171917620766727,6.777950843755035
2015-05-08,-9.315213424248556,2.1606123134723974,-0.394171094402052,1,17.876707400982234,6.016086480977813
2015-05-15,-9.004681496368418,0.8831409699027737,-0.5919864554409903,1,17.513489260098552,5.9293290955272715
2015-05-22,-9.394778293823398,2.35813616541846,-0.37444802332175314,1,17.927471487575353,5.943618276882389
2015-05-29,-9.267356329057563,2.2118826386671704,-0.5273040015026802,1,17.756643690515368,5.714146685662243
2015-06-05,-9.228136227026292,1.945139984604744,-0.778208040944498,1,17.714769115729407,5.652176919352014
2015-06-12,-9.118141809521944,1.8017584587922206,-1.1210716133764864,1,17.631536690501008,5.727508398765164
2015-06-19,-8.91670697050362,1.5780798575319608,-0.8418967345820303,1,17.349048558749658,5.352237870325084
2015-06-26,-9.054080668607389,1.5144920672868345,-0.7766136737909596,1,17.440920658049183,5.259630636286334
2015-07-03,-9.057200517922078,1.3591456227894902,-0.6593116940805241,1,17.40231157218514,5.084265993032627
2015-07-10,-9.132197236910281,1.3343388339888023,-0.5471968691445936,1,17.46333689146996,5.090425193056188
2015-07-17,-9.065099824903323,1.4319071225929418,-0.4562564755445438,1,17.464917206537486,5.264451015980642
2015-07-24,-8.87245325226971,1.4343609844319956,-0.5925126691458781,1,17.18228470287873,4.821285363017303
2015-07-31,-8.17938818249521,1.6158668647462846,-0.4682225298264698,1,16.55740623919425,4.514870124087919
2015-08-07,-8.766708683722785,1.183531546761185,-0.3691340398168983,1,17.04662223680736,4.566951363558799
2015-08-14,-8.577021029663142,1.2735044615595446,-1.051601266934299,1,16.998384153237772,4.87094530724241
2015-08-21,-8.465414542724064,1.5797525503022458,-1.6443973204615667,1,16.971205266139442,5.16886637801988
2015-08-28,-8.290840450281507,1.3980265696006478,-2.2610371867978034,1,16.851995043801203,5.286860711248377
2015-09-04,-8.336680687509594,1.6801946149818705,-3.0303747574426345,1,17.22110267980274,6.158580801783219
2015-09-11,-8.428611504323765,2.005690770101725,-3.2558454322526784,1,17.353405735984616,6.25391967258825
2015-09-18,-8.512222547084846,2.353657742059994,-3.1516978663265016,1,17.201324835899953,5.679437691002065
2015-09-25,-8.414386262545412,2.046662274925295,-3.294811717706439,1,17.29521361569205,6.229759421079664
2015-10-02,-8.194651952001188,1.5296426744348313,-3.154166941377863,1,16.872601735013884,5.577735835381816
2015-10-09,-8.121693790479442,1.1664018359631538,-2.6430140008248846,1,16.612348970051258,4.907526494855716
2015-10-16,-8.100551116703471,1.2443730937653597,-2.389794674767038,1,16.54009346109031,4.739899908731063
2015-10-23,-8.137508479993121,1.303288121343489,-2.1435953536504426,1,16.609128887723248,4.841983969777087
2015-10-30,-7.51140266646595,1.5991128207181557,-2.2830118001147275,1,15.987742855669218,4.486645098073824
2015-11-06,-7.975445099114236,1.1499816183498044,-2.56909563043389,1,16.424326608359646,4.746978406465791
2015-11-13,-8.004362684633376,1.6491517307778045,-2.9925764048656087,1,16.596927878445896,5.167217910632739
2015-11-20,-7.947191664780695,1.4753637138744722,-2.765383320752758,1,16.477563291291556,5.10365275599646
2015-11-27,-7.821155253991384,1.5380678609554612,-3.0445636287754216,1,16.409995713041177,5.130399103127887
2015-12-04,-7.752350342508822,1.3711637920490458,-2.9235930397241745,1,16.280357321726765,4.864273081497213
2015-12-11,-7.729367256778526,1.541599144289162,-3.2858865290157304,1,16.411274654991196,5.35352378214999
2015-12-18,-7.807539519379468,1.6844840290333198,-2.923175885586358,1,16.481441011704394,5.469884520802186
2015-12-25,-7.750346666983544,1.6269969999581753,-2.618975724202731,1,16.544743275323835,5.811363124114479
2016-01-01,-7.969622271378742,1.5752583655841657,-2.337681899769541,1,16.498013750705876,4.8562963203470275
2016-01-08,-7.900611722056767,1.7420527858917731,-2.7310176284164345,1,16.458168960591763,4.963468368933316
2016-01-15,-7.8493056630450395,1.7210684657789814,-3.2105384946674116,1,16.626568225846793,5.66812622338141
2016-01-22,-7.727640063718359,1.7245834794746122,-3.217489786847679,1,16.375251674553464,5.25716820086794
2016-01-29,-7.2950501337649065,0.7008497698711683,-3.386391973814804,1,15.933018122777787,5.097493770106928
2016-02-05,-7.4272317779128985,1.4894591376265756,-3.539189647881848,1,16.210028335525234,5.454969560946147
2016-02-12,-7.430136020526231,1.873848693775724,-4.012123724677512,1,16.452255689111276,6.114131191921093
2016-02-19,-7.489686097171286,1.7641534965656414,-4.286549293259964,1,16.499421753795417,6.154275932957173
2016-02-26,-7.05674050521505,-0.42567738327209886,-4.80874477635401,1,16.065880563047685,6.290558766921314
2016-03-04,-7.668091767446802,1.4312666742742002,-3.679811266641155,1,16.572291834098692,5.953437969277398
2016-03-11,-7.8132626317489855,1.7787224450028287,-3.6066407128396096,1,16.943186048554118,6.61017337879937
2016-03-18,-7.59877723580846,1.7420900609922243,-3.2783802621888305,1,16.907197167478255,6.958496889030736
2016-03-25,-7.321115680474476,2.3755270448366033,-3.326326437117115,1,16.869625258362415,7.481148340664718
2016-04-01,-7.619175259275645,1.6767806907467064,-2.4570208863054233,1,16.75185320945686,6.450724964244606
2016-04-08,-7.435948885807173,1.0367221476561923,-2.1039752729307803,1,16.159046618614223,5.07646018841692
2016-04-15,-6.544360076169351,0.8013439025714717,-1.9244977356817152,1,15.162256115986,4.466786362217426
2016-04-22,-6.62692523916055,0.8368657416473173,-1.6695815939875172,1,15.206826054026378,4.455052372092604
2016-04-29,-7.585119674104215,0.7345188526807636,-1.3721949625697927,1,16.046679163869342,4.361898768120439
2016-05-06,-7.27988074774782,0.7070923944395331,-1.562516929193396,1,15.827831604632797,4.503054926080182
2016-05-13,-7.2730388975596325,0.7537816756567691,-1.2739737028597824,1,16.317124012410584,6.008912286450042
2016-05-20,-7.174927475652334,0.6915364736188164,-1.6194268061158734,1,15.539258835006384,3.673803207087595
2016-05-27,-6.934749548301362,0.3855282660599533,-0.9830098918504145,1,15.303823918252622,3.5911182121039276
2016-06-03,-6.711689280945139,0.3172488190320487,-0.9335618138996518,1,15.033415329744043,3.322782449761394
2016-06-10,-6.839640751744031,0.4563429308664363,-0.8043060411213533,1,15.076256012764354,2.903482339314982
2016-06-17,-6.768580350000372,0.4260403916209843,-0.9107133355998039,1,15.09815904303264,3.2569122628616665
2016-06-24,-6.697454220405012,0.5480347641536981,-1.1333381861729475,1,14.94977406266331,2.7483708853434297
2016-07-01,-6.410309706509564,-0.006102944934153484,-0.7856307054117017,1,14.642944787772754,2.5688781030842165
2016-07-08,-6.4722091076224615,0.04109000043846394,-0.6148206597278074,1,14.71687662322664,2.547577858408714
2016-07-15,-6.4319038278619285,-0.08879542762022145,-0.5005277818924356,1,14.786869586189063,2.879630033834664
2016-07-22,-6.388155172047044,-0.012481462145635233,-0.20854761623904958,1,14.67740336900207,2.620351947861069
2016-07-29,-6.250873586132852,-0.2605577858342829,0.20828527595430896,1,14.56594753236457,2.792725550251568
2016-08-05,-6.433346734360956,-0.34832073027915805,0.529728543838535,1,14.735474916177495,2.673142696499707
2016-08-12,-6.372796967496231,-0.2424387438541644,0.7613046430390352,1,14.823401232670266,3.45413204451885
2016-08-19,-6.274037591644157,-0.3976510211424295,0.7827479157836107,1,14.630095499800168,2.921601107403389
2016-08-26,-6.105682276699952,-0.43794064722284004,0.811626220980882,1,14.433407855783031,2.8381815873137994
2016-09-02,-6.026454964235714,-0.5708325803335867,1.2034325127887613,1,14.34958761459488,2.9237338368163925
2016-09-09,-6.2750362881682715,-0.06616473716951385,1.2101598659907051,1,14.683875668665646,3.0762606025891284
2016-09-16,-6.168974532710612,-0.24304412818423546,1.1979154062373223,1,14.465655948627925,2.638115469134008
2016-09-23,-6.089965617211831,-0.270563436134752,1.4392467214335132,1,14.368628094753,2.589763487948428
2016-09-30,-5.691584240113026,-0.2391550674856737,1.4733097316507644,1,13.946265149219723,2.3366690968130928
2016-10-07,-6.1055753173299685,-0.3254610892136085,1.2943014772323567,1,14.508171400949346,3.170931520398767
2016-10-14,-6.104312357923996,-0.41041462806832724,0.9941785315494466,1,14.357281516594425,2.2031538223854596
2016-10-21,-5.935151940206877,-0.4394963670682337,0.8887009772046279,1,14.184790520743332,2.1658029240121848
2016-10-28,-5.7323665250663005,-0.6986831404844257,1.0017017767701397,1,13.940647188573518,2.171970753843599
2016-11-04,-5.870692355736374,-0.6638015349014316,0.6761479513921866,1,14.140703629627204,2.344269242298113
2016-11-11,-5.7391370509803705,-1.9982119354307593,0.6593712374354951,1,14.757818136406836,5.418669747590728
2016-11-18,-5.639300645436295,-2.4905321490389283,0.1905470991166059,1,15.181019176031182,6.7160508420559815
2016-11-25,-4.289968753983816,-0.6318054954852627,-0.7101472734402745,1,13.306113683399207,4.7830159754244095
2016-12-02,-4.2655800121873835,-0.24048189345716256,-0.8184588947386727,1,13.564566338551613,5.380185035006925
2016-12-09,-5.438337339162515,-0.6529696707595675,-0.47868430014138724,1,14.44021629393698,4.957057482215449
2016-12-16,-6.20886041802488,-0.9112771781067918,-1.04046888388621,1,15.042409958364587,4.5782516898766055
2016-12-23,-6.2403649865722794,-0.8603070944063802,-1.2419628653017694,1,15.102254824175334,4.724568658073646
2016-12-30,-3.967619595735925,-0.3115998329877823,-1.272479708613615,1,12.473335791330614,3.7682823570299817
2017-01-06,-6.247297424046393,-0.7944366268854879,-1.2524511082978858,1,14.98900765143331,4.388327964499247
2017-01-13,-6.143971909010195,-0.7212037964648316,-1.2868761162017743,1,14.787667112532114,4.046060490543567
2017-01-20,-6.002178190991681,-1.065343901494482,-1.1117115974581422,1,14.653034307435728,4.169709123224356
2017-01-27,-5.763671425053467,-1.2088987765544874,-0.8534077548629764,1,14.434209263089015,4.184433199324892
2017-02-03,-5.518462644256874,-1.601373523787168,-0.33013978429743496,1,14.174894107353092,4.191816279116326
2017-02-10,-5.60395947648143,-1.6805182712215125,0.014339850525670975,1,14.210267961560856,3.9571478688368718
2017-02-17,-5.483508310039931,-1.7185223264443947,0.3031773439467554,1,14.16076376151493,4.175539272122375
2017-02-24,-5.490530202114208,-1.8685385611507779,0.7014267033379525,1,14.181720474005173,4.2160212672281885
2017-03-03,-5.4820618296323556,-1.986221498814854,1.1999717260792753,1,16.581050018071224,9.600454565879456
2017-03-10,-5.30853055172702,-2.038730773951222,1.2518021569262991,1,13.994361284148988,4.2610824340855356
2017-03-17,-5.6528178385868735,-1.9084977747204126,2.0029731249726925,1,14.664488623158105,5.216568777201059
2017-03-24,-5.401916723660959,-1.9842119931368312,2.1320081257386883,1,14.40276642740952,5.001656314351354
2017-03-31,-4.242478262232189,-1.4586864734077707,2.252308893661502,1,13.484167694505667,5.858491101991692
2017-04-07,-6.039235704932113,-2.257767342177414,2.307427019518276,1,15.489756386652378,6.186947202233344
2017-04-14,-6.324888374527319,-2.1832899639749064,2.1899436381333457,1,15.79605643564907,6.364273262282161
2017-04-21,-6.161186211524984,-2.2562160007224104,2.03454108539773,1,15.504428741071779,5.982664419990595
2017-04-28,-6.183226365809443,-2.1766652417487085,2.4085164183979275,1,15.590939208530905,6.167839576738227
2017-05-05,-6.137392476666171,-2.3445977837093763,2.605023689630697,1,15.51545622667166,6.165656214439593
2017-05-12,-6.338699362262721,-2.1657141677591145,2.85442222682387,1,15.891687734624002,6.490188124513288
2017-05-19,-6.011362766979815,-2.272438377978474,2.9045273773549156,1,15.387982350136618,6.054753013307492
2017-05-26,-6.018342335854398,-2.2007935195951376,2.938133906385377,1,15.42541795840732,6.062874302045877
2017-06-02,-5.781944448568361,-2.428653740266188,3.199048222102755,1,15.220293424787155,6.1939018270189985
2017-06-09,-5.922633936995463,-2.1847746238769434,3.2760421409885794,1,15.394805725195893,6.132891840338418
2017-06-16,-5.961752276318652,-2.1116396233916044,3.3278466215304583,1,15.278815081145387,5.796137369694821
2017-06-23,-5.917597290227171,-2.1800095680841443,3.201203771610814,1,15.495919866361373,6.371652445574728
2017-06-30,-5.3043542594728885,-1.8468878930866097,3.2304592567808563,1,14.548773627947092,5.528366682720047
2017-07-07,-5.477673564332516,-2.332018104749068,3.0464555683304546,1,14.880015570831253,5.8813222176706095
2017-07-14,-5.471664681892451,-2.3880012561300505,3.475771963204567,1,14.94286335047112,6.07155903245701
2017-07-21,-5.52879368409303,-2.463561298613914,3.4371295141863882,1,15.018663878314467,6.0586108396086225
2017-07-28,-5.428647671698341,-2.3778371095899304,3.8567835698647968,1,14.958996627890967,6.152371634088277
2017-08-04,-5.213669970804604,-2.6690779573996903,4.14616743998846,1,14.99916311500307,6.741224383990915
2017-08-11,-5.4337916707726786,-2.631696620129012,3.702536945909381,1,15.092765986824674,6.411071139155229
2017-08-18,-5.285179379707161,-2.480910792079525,3.781678049096429,1,15.05679016178433,6.719765180721632
2017-08-25,-5.503545049959134,-2.418826575426256,3.7615226820315035,1,15.245180554488874,6.6905066444873285
2017-09-01,-5.348996084373036,-2.658510967251748,3.647802281874745,1,16.362046396658503,9.111180923869462
2017-09-08,-5.209553801699715,-2.530019399242926,3.6532055320675973,1,14.763787421014088,6.20551640324321
2017-09-15,-5.413089691209131,-2.7218832974399723,3.714094676956672,1,15.344204111664325,7.126390540444906
2017-09-22,-5.282141319521537,-2.18856332704219,2.966766823089784,1,14.64538737079115,5.738369975198181
2017-09-29,-5.131122285830366,-2.0394904232452498,2.2513984024576525,1,14.404841400828008,5.511740104187666
2017-10-06,-5.055558961817326,-2.1820695993187926,2.3785241295402124,1,14.306248746337012,5.512416216396028
2017-10-13,-5.068484524476079,-2.10473824309725,2.4587106419853613,1,14.339376155001386,5.469900009396748
2017-10-20,-5.200970666667542,-1.668790249289965,2.406087507179036,1,14.915343845747836,6.6804422658411715
2017-10-27,-5.032691939202502,-2.015883454970229,2.0750079912837416,1,14.244618213404856,5.301915693219516
2017-11-03,-5.085922228526479,-1.9289066288936023,2.7058080538501543,1,17.317138095655082,11.170662689596416
2017-11-10,-4.945514465713462,-1.6716369177278119,1.9636616064297319,1,14.108720736172003,5.089495589032901
2017-11-17,-4.984537067109189,-1.7313824003691234,2.062649466299432,1,13.994081136412406,4.814838662394218
2017-11-24,-4.9253954277347525,-1.506243661864019,2.1850313363200864,1,14.036971931953138,5.01893414668751
2017-12-01,-5.023760861055805,-1.7821449272878187,2.2213456583452196,1,14.086415150841749,4.991720569119036
2017-12-08,-4.923933403366336,-1.8247266291559157,2.1750426700583443,1,14.072833128620966,5.072101511031808
2017-12-15,-4.862554934396866,-1.83836234567643,2.3530967369564797,1,13.903990080712791,4.96228894265508
2017-12-22,-4.931315939574442,-1.5422073647475545,2.2896429711904775,1,14.129556903537637,5.300910238205839
2017-12-29,-4.928599408547318,-1.5113395633987547,2.518983629520816,1,14.102486100369212,5.191631465765167
2018-01-05,-5.076194841028443,-1.7945653307129483,3.0596563882613586,1,14.212041268978009,5.106954068167497
2018-01-12,-5.1650476875838995,-1.8207383187333976,3.067303477808194,1,14.44038862232888,5.408761774938281
2018-01-19,-5.027683642040448,-1.645105898492754,3.148506179123282,1,14.29808865512442,5.398389603928197
2018-01-26,-4.858156758919029,-1.5816554264245568,3.3461690332528318,1,14.083343579100665,5.349101126634341
2018-02-02,-4.755312312410943,-1.472220001751784,2.8426453176991204,1,13.880780110757872,5.02948111359942
2018-02-09,-4.886596304891808,-1.446803991966249,2.3782958958057763,1,14.007851643147491,5.038920254924751
2018-02-16,-4.874020554017574,-1.1345012299057868,2.0638797589733433,1,13.938637799495847,4.850909044904645
2018-02-23,-4.7383721206377105,-1.061098719019353,1.5534677154759011,1,13.811065370102288,4.899076082313345
2018-03-02,-4.6447795439720325,-0.8387313626377053,1.0160013462519086,1,13.731181825432284,4.916721547555108
2018-03-09,-4.718242392886665,-0.8584754810831894,0.5740786030354387,1,13.821362650419124,4.96663719693064
2018-03-16,-4.658367717268805,-0.7521210495025232,0.2220612156565627,1,13.613495630112675,4.6966125777399945
2018-03-23,-4.655674931034952,-0.5716489307323626,-0.5490279326788877,1,13.88951838644934,5.394385841274715
2018-03-30,-4.036228199030104,-0.014694911841614037,-1.0126372487199153,1,14.397242580477286,7.855417444795524
2018-04-06,-4.683995864565102,-0.3963784614661406,-0.7902057594330464,1,13.5344963615979,4.247203928839879
2018-04-13,-4.9195125786447145,-0.4964671768992104,-0.929945063527625,1,14.0370638641682,4.897729827642573
2018-04-20,-4.711456132296435,-0.046124150567969285,-1.2547310262134388,1,13.72454687895716,4.667980275240562
2018-04-27,-4.343463616648684,-0.037662705680346166,-1.4152939612345576,1,13.502160600790676,5.033625712657187
2018-05-04,-4.659643257435598,0.21051250546860104,-1.4758316049932412,1,13.671891525426195,4.6319849977871606
2018-05-11,-4.4271589234591735,0.2976301241870707,-1.7528038080217527,1,13.6578551750602,5.183679987438348
2018-05-18,-4.176275044469906,0.6018424447440158,-2.2281641047894483,1,13.345616838087784,5.141543627070052
2018-05-25,-4.282044264847444,0.5755584274096813,-2.515884967030679,1,13.691991587097407,5.606161724940334
2018-06-01,-4.277817341621472,0.4144631673046785,-2.2850828485633334,1,13.373848930593255,4.910852398300944
2018-06-08,-4.233911921661311,0.5460002757561547,-2.3694338975921974,1,13.605615451735067,5.536225993695587
2018-06-15,-4.172867967164975,0.9542686272584359,-2.564744620990463,1,13.605975456180145,5.66474392818459
2018-06-22,-4.2484735183000994,1.2839530798967282,-2.9443242459406544,1,13.970869034000062,6.209845026056774
2018-06-29,-3.988152184379832,1.2613102442816237,-3.150281743010209,1,13.580718793437478,6.074361580829998
2018-07-06,-3.6591156476254607,1.0855561714204964,-3.086108473958949,1,13.111171203367325,5.828561346066215
2018-07-13,-3.876822191871056,1.2398320050780767,-2.8514132118012196,1,13.409837374671444,5.8524872073075045
2018-07-20,-3.7328033585209646,1.3288324095785788,-2.798510764973938,1,13.198139108997497,5.812249706319613
2018-07-27,-3.9260449128268333,1.38995314636132,-2.583089602949497,1,13.435654515740522,5.85422108189792
2018-08-03,-3.689709358835526,1.291728407359996,-2.2140543006024407,1,13.070515841624164,5.64019437690029
2018-08-10,-3.8224510222025954,1.3426050510569132,-1.969407988487188,1,13.236238142820419,5.6717766190414975
2018-08-17,-3.6053216703003588,1.7070593187534662,-2.093526781798616,1,13.563915816578046,6.851711877189971
2018-08-24,-3.520755352254102,1.6941638248000237,-1.9989447412829464,1,13.076240173286202,6.045625951006278
2018-08-31,-3.196688230801835,1.7193065989882252,-2.1999525886293165,1,13.222550215506088,7.039768967418286
2018-09-07,-3.085122546765152,1.8677734550388057,-2.716975949884553,1,13.499597957028609,7.6987704072533125
2018-09-14,-2.9816428151465604,2.4991968645447264,-2.850512608704951,1,13.69134314806035,8.24752054932967
2018-09-21,-3.0730120406857666,2.6519427721227258,-3.6341038845622164,1,13.611841683750749,7.981491498799891
2018-09-28,-2.86630306865593,2.572973665075267,-4.274938169825563,1,13.547723089555676,8.290864835294208
2018-10-05,-2.599518716559955,2.410848452786445,-5.195445970889545,1,13.76239447560018,9.123495213344253
2018-10-12,-2.4651117614149354,2.5320812452582673,-5.6837045606825765,1,13.652232404768537,9.025259458433421
2018-10-19,-2.6314814667538684,2.9830104667435813,-5.813995990175669,1,13.813937130849832,9.057812839583205
2018-10-26,-2.7508242683960997,2.8181079649469156,-6.250871223251984,1,13.739362016089979,8.70513226277921
2018-11-02,-2.510430455878622,2.668473203923199,-5.825577247759321,1,13.230087106232517,8.370044943040867
2018-11-09,-2.7159835183634993,2.8966433650320584,-5.480784294370466,1,13.18593762360023,7.862563128417247
2018-11-16,-2.6079365158306342,2.499246722458988,-5.106199156324324,1,12.939770505647239,7.646612000134981
2018-11-23,-2.9256408078002143,2.3614911376829335,-4.556138738908164,1,12.961005487018484,7.055486159480581
2018-11-30,-2.88173089016969,1.7981670943629473,-3.591579643636299,1,13.054267937742072,7.331940032527124
2018-12-07,-2.743211749943551,1.820657044105891,-3.937157936390863,1,12.615448533288596,6.6555182626216105
2018-12-14,-2.3095422059522637,1.8326792963941265,-3.965218109984497,1,12.507896149400375,7.425957890868625
2018-12-21,-2.9925422446553642,1.7511730629426694,-3.3530565983352023,1,13.263984109796409,7.368646844979173
2018-12-28,-2.9494444578826036,1.8110142671457718,-2.7421725863104003,1,14.123165992632691,8.960323323595299
2019-01-04,-2.8527663556566076,1.1914147446624688,-2.049430531737973,1,12.469157287383206,6.282324944233803
2019-01-11,-2.566042857764209,1.203848849306369,-2.07978119740827,1,12.082580224714404,6.0547130388518084
2019-01-18,-2.640360416133375,1.37975654960634,-2.161047233666728,1,12.267420365800804,6.214440794268061
2019-01-25,-2.7043176398483895,1.2325896773934575,-2.3101059434538165,1,12.446592712287506,6.305326318255719
2019-02-01,-2.381514735847129,1.0285946502909258,-2.3990403850987043,1,12.190985759298815,6.568553082044438
2019-02-08,-2.3032396264072696,1.3550190422656498,-2.245599261521007,1,11.96036752884518,6.255547975967145
2019-02-15,-2.2949452673017974,1.0684822271876153,-2.4676930446786405,1,11.862246414977088,6.193692423429396
2019-02-22,-2.3963130560790633,1.2165338435369466,-2.5878054377451423,1,12.36001505616545,6.796784231685947
2019-03-01,-2.375056234556116,0.4983502164264259,-1.9376172850794753,1,12.191079644127454,6.645321478722133
2019-03-08,-2.4577095069937345,0.28486455157134016,-1.205758910028169,1,12.584378404943172,7.170060288894549
2019-03-15,-2.1995914082899266,0.5641744422822454,-0.6478086800393399,1,12.478215436706023,7.580136289487941
2019-03-22,-2.3915029842186564,0.7212917322202093,-0.5518187936026612,1,12.172997034196628,6.693626149603083
2019-03-29,-2.173210163574906,1.0969586052749214,-0.5675730468775403,1,13.743232279759445,9.551775041925879
2019-04-05,-2.0573931414848667,0.7353245160389911,-0.19469885105179163,1,13.418347008385158,9.25634172338308
2019-04-12,-2.5993895819647177,0.6842804774591557,-0.09140871828954551,1,13.767049983875042,8.911071444234478
2019-04-19,-2.533528948455921,0.968412416500521,0.48116397376669207,1,12.501919055368148,7.084681150283999
2019-04-26,-2.488243599754553,0.7188953222934376,0.2835307670608999,1,12.366902677603083,6.865837778944266
2019-05-03,-2.5826579305747295,0.6940669747985778,0.8476477153864213,1,12.068391084324812,6.195445859925518
2019-05-10,-2.5938700190286865,0.6035720855988658,0.2435806767612986,1,12.076486435066025,6.133204047679556
2019-05-17,-2.3503323977779815,0.5206382098120536,0.058637284069067104,1,11.706788221194254,5.978692214113709
2019-05-24,-2.4740321227482482,0.3059604016461198,0.5387973335997113,1,12.145917808956572,6.447852341844415
2019-05-31,-2.204703399122945,0.1968763444465927,0.797630769089638,1,11.550952079734461,6.0281807240814755
2019-06-07,-2.0118292448209116,-0.022661337592828127,0.9827725575062877,1,11.428275333607456,6.214742132153256
2019-06-14,-1.629032789713348,-0.255093998569435,0.8564771195842933,1,11.084073230432026,6.5648682079597735
2019-06-21,-2.18400849779421,-0.40509200228337633,0.6978663618659384,1,11.789987083272711,6.548475015028308
2019-06-28,-1.9304577700713956,-0.4392525301283296,1.1679258438040279,1,11.283833576225549,6.342289313046554
2019-07-05,-1.8035771407291727,-0.9946226791544268,1.5451627829685135,1,10.808713467163956,5.809482028620629
2019-07-12,-1.6055967291028597,-1.2306052354045405,1.2919048992201845,1,10.779689354281112,6.198256617887521
2019-07-19,-1.5924025891138571,-1.3567719673481804,0.9648481474746581,1,10.72217811912033,6.162466762580738
2019-07-26,-1.7334677889095638,-1.3372695717156053,0.5551913178326259,1,10.97696532906334,6.266592006540002
2019-08-02,-1.2688762803488338,-1.4318536061675888,-0.1085833996067541,1,10.619574458896412,6.77290320539322
2019-08-09,-0.9183922179953702,-1.4166030476075502,-0.9259554509739786,1,10.736493382426785,7.5573452789738536
2019-08-16,-0.8553465225317751,-1.2092920148767645,-1.3783217473725329,1,10.592217637003209,7.432180998576036
2019-08-23,-0.9280420511592753,-1.446844590301546,-1.9910076955691403,1,11.067475236454126,7.973387108627508
2019-08-30,-1.0989134361848292,-1.779289097345762,-2.144153104253959,1,10.89314486755905,7.479483571440387
2019-09-06,-0.9215229861744998,-1.9483965705482325,-2.157087140688933,1,10.487414519458463,7.28581068040914
2019-09-13,-1.046064619586561,-1.8979975814191534,-2.072560034668939,1,10.384876824008149,6.866648044555944
2019-09-20,-0.9003045308862544,-1.922145278612951,-2.166705161536469,1,10.354588455996502,7.118845444836066
2019-09-27,-0.9427736845046072,-2.1639318474224427,-1.7516468319168317,1,10.125628150213913,6.675918018365038
2019-10-04,-0.2603945197564872,-2.344320939918477,-1.7372659175063903,1,9.67179220030579,7.515969118614802
2019-10-11,-0.43550733909238787,-2.4399031000666147,-1.5860873523706145,1,9.780889479391995,7.247676173645945
2019-10-18,-0.15786136430649794,-2.7787001499768187,-1.097220539277558,1,9.69551489350724,7.6890652095230125
2019-10-25,-0.29395300514915834,-2.524557304220239,-1.1009813962197195,1,9.512053095091629,7.177629957205048
2019-11-01,0.12097713445143976,-2.906212615398115,-0.6465910896556211,1,9.045793542446427,7.475133952479846
2019-11-08,0.1564292250575284,-2.701438185044129,-0.6870389809379229,1,9.048444140842028,7.506316370372953
2019-11-15,0.36827420392911614,-2.533988970729531,-0.578763100823047,1,8.691042339807009,7.496405899428658
2019-11-22,0.10245787868574133,-2.5293918363923305,-0.7563880701580247,1,9.175851623352486,7.509553555921478
2019-11-29,0.44997399839252894,-2.84187070996732,-0.5357489508568106,1,8.865141109272434,7.830926872144077
2019-12-06,0.6208269632310819,-2.7198056380550817,-0.3481708214754257,1,8.432016323161958,7.70959127142412
2019-12-13,0.6038912094484232,-2.86568427464447,-0.02946037630245373,1,8.56222000611462,7.784285523086083
2019-12-20,0.44757882960460305,-2.496062512343237,0.29171876702880833,1,8.557354917778776,7.473067517365614
2019-12-27,0.41817705058416854,-2.4098555864884093,0.32260496314551906,1,8.568044588815935,7.350461392668224
2020-01-03,1.1529129110444225,-2.761681503806894,0.305879192332522,0,7.989815624670636,8.150726467307726
2020-01-10,0.9007865584370146,-2.8853129911985738,0.7267837444885051,1,8.262640672476959,8.003358825654061
2020-01-17,0.941291401596745,-2.7628057306800233,0.870303159687448,1,8.316372719989777,8.175656422024003
2020-01-24,0.7414062547356012,-2.644840185346982,0.8140455441291932,1,8.430807066345238,7.863452080480495
2020-01-31,0.731816281307001,-2.909247834108653,0.37373633792469213,1,8.776516872436796,8.294959620924155
2020-02-07,0.9557926861824178,-2.7883095522618104,0.29067291574006326,1,8.53493745943776,8.324304364385751
2020-02-14,0.892933124200109,-2.5137188420377337,0.27688035411346473,1,8.77876701249143,8.421313941144167
2020-02-21,0.6513735036005898,-2.235153882845908,-0.1545440813911236,1,8.70407545470871,7.845339889925295
2020-02-28,0.812312602251574,-2.403545366201068,-1.1782274600798788,1,9.15487110222759,8.700990131371487
2020-03-06,1.4382203453277298,-2.742056264495286,-2.6549358801845435,0,9.737920404047463,10.387401763588779
2020-03-13,1.1439468854110282,-2.6427533178453615,-4.357091152756527,0,11.096621742502961,11.287628404414823
2020-03-20,1.0133659076210015,-2.0331709575549266,-6.546530866079867,0,13.3571685535285,13.435090950982035
2020-03-27,1.4240268642353842,-1.6811991829096522,-7.407971981593889,0,13.042821298609104,13.650236033272439
2020-04-03,1.3691085824602012,-3.0662367792478564,-9.012248471331137,0,14.02350699159835,14.742833775350498
2020-04-10,1.406795056782405,-3.592544580425597,-8.910887436667677,0,13.124731630811375,13.92371976934354
2020-04-17,1.9039411215254325,-3.5557799480478423,-9.295691725351444,0,13.223636535279676,14.526164456878092
2020-04-24,2.0550665794326592,-4.114357357904757,-9.352385151915092,0,13.113372006846177,14.627396054844255
2020-05-01,2.425723772057141,-4.201201859595075,-8.418691114138412,0,12.168775370377972,14.20046553851728
2020-05-08,2.3834923725007666,-4.547735502946585,-8.620630733213806,0,12.453796482528999,14.384138999857043
2020-05-15,2.652269022198287,-4.644915269190869,-8.521212656667208,0,12.413892813700503,14.585792456717337
2020-05-22,2.8552923808367385,-4.561948496535182,-8.680803782183126,0,12.178752763174277,14.555454670043051
2020-05-29,2.9737289650593053,-4.90508636998702,-7.865100315957913,0,11.568672744572728,14.156402224573092
2020-06-05,3.5003820865943105,-5.155394624538916,-7.092203741382747,0,11.134766367429696,14.381320248192138
2020-06-12,3.5730643319054343,-5.039738377947432,-7.175866244712562,0,11.081938864792688,14.36780607103735
2020-06-19,3.7859191526680966,-4.96335435095454,-6.767530538663622,0,10.639628422229135,14.271730726524902
2020-06-26,3.7907109997574877,-5.345904914525994,-6.2519806856663624,0,10.70529674720577,14.30902251219522
2020-07-03,4.235705714502066,-5.594476191540051,-5.334195115575227,0,10.47407483122405,14.58061060986731
2020-07-10,4.310657135928458,-5.473459929225865,-5.019284119148048,0,10.301789307047933,14.521420405406259
2020-07-17,4.349959679250531,-5.379093090222189,-4.46665589021411,0,10.092336024458897,14.40741381083022
2020-07-24,4.376675252594307,-5.522838902950659,-3.9630651925587337,0,10.155963509097239,14.4661225646412
2020-07-31,4.445374166884048,-5.917564983054904,-3.6534673032505305,0,9.817745307720825,14.293404055785532
2020-08-07,5.03900801305371,-5.8692670776736575,-3.294446230173538,0,9.582372108826323,14.691231458826987
2020-08-14,4.939816108115407,-6.195469497859151,-2.7568322774779572,0,9.73039883489909,14.713602256688267
2020-08-21,4.960019095608895,-6.343739020489686,-2.6171386111382113,0,9.696750766271084,14.70031681667833
2020-08-28,4.907524754763276,-6.615196917852872,-1.5001647419173918,0,10.129348737813359,14.960637297010773
2020-09-04,5.2228463384464,-6.547814855974456,-1.555650194905475,0,9.523387975497977,14.878546948343516
2020-09-11,5.078558475930852,-6.074230263272609,-1.3237637592077394,0,9.318057349921187,14.600789944637684
2020-09-18,4.740401104595337,-5.796215078354587,-0.8760280716262328,0,8.653033651961522,13.759444290291805
2020-09-25,4.3990852924782144,-6.121879304201542,-1.3647853341255192,0,8.665175270947788,13.420149509383805
2020-10-02,4.755238774471438,-6.145622576233233,-0.6896673605625965,0,8.366500654366499,13.601190788035133
2020-10-09,4.977385901414598,-6.693755444678286,-0.311282007818981,0,8.981722928470964,14.173576590749155
2020-10-16,5.265990220618892,-6.7716473569886615,-0.48803336525699686,0,8.583320288463732,14.198534130442868
2020-10-23,5.037786001370313,-6.892546619095018,-0.39515398719362216,0,8.52561154824446,13.950915504889547
2020-10-30,4.840508017865047,-7.20545495073505,-0.7463816723700324,0,8.578015302598725,13.834683391059961
2020-11-06,5.46351216377386,-7.289121765823717,-0.030460142227492937,0,8.663987699480096,14.486071178469277
2020-11-13,6.025627546238815,-7.2622470523078295,0.30218942428234064,0,8.638171859292974,14.990483955447056
2020-11-20,5.963742139386532,-7.5319371213746145,0.8132350552181905,0,8.750391609897509,15.017434966306105
2020-11-27,5.521946533891264,-7.6384315390536255,1.1601983837568073,0,8.987883627055053,14.724335072558143
2020-12-04,5.791575502325384,-7.531350106884744,1.916213532794191,0,8.925628074636485,14.976047438054295
2020-12-11,5.7075266500521105,-7.481647120308923,2.1304346841922475,0,9.237124305310433,15.04105643736218
2020-12-18,5.573201153698198,-7.162921540872386,2.5303703901333416,0,9.001240549863832,14.752085972689713
2020-12-25,5.37086612546671,-7.311472855238234,2.5903290415645897,0,9.15213626961409,14.623313827763955
2021-01-01,5.625679535039401,-7.481314455955747,3.2608439719298405,0,9.27353442260575,14.962551400657832
2021-01-08,5.784211879491613,-7.249267575100061,3.5315633379035676,0,9.289656491049664,15.115825364579614
2021-01-15,5.630009189013651,-7.543304771512547,3.6838085752629715,0,9.57432717043219,15.18273293624523
2021-01-22,5.61165834350613,-7.429333782414153,3.878441362897363,0,9.428807474962701,15.06603696449571
2021-01-29,5.520068148635846,-7.308589095107151,3.5713038122678293,0,9.040281105744063,14.761088187072414
2021-02-05,5.948275744798006,-7.605051315502715,4.0876075572928485,0,9.57704001896753,15.492905379047462
2021-02-12,5.820525498974475,-6.967957154405448,4.575069946596038,0,9.430486950812103,15.270693662735576
2021-02-19,5.6358434005044025,-7.504065433562404,4.455304908071433,0,9.746271483188568,15.311832784496666
2021-02-26,5.961747521402932,-7.0074869728877385,3.669921565208418,0,9.135244366913048,15.210316528751948
2021-03-05,5.910657767122135,-7.330098969752999,3.9612143532856297,0,9.674583020444162,15.526902319817436
2021-03-12,5.480110927194379,-6.262257716688899,4.109189960133078,0,8.96323494683047,14.60854720194945
2021-03-19,5.7056255579147965,-6.454310512383573,3.4305258919967248,0,9.857825676685298,15.368125474511894
2021-03-26,6.289679033370525,-6.453494679407954,3.4460951283068577,0,10.000513881975998,16.059861417887014
2021-04-02,5.7137676958542025,-6.103386700648589,2.3318512213194387,0,7.060278062359858,13.717879394936958
2021-04-09,6.139169135564144,-5.886016991424187,1.4315098264564903,0,7.954485319898812,14.603885697482447
2021-04-16,5.7382878516035865,-5.7441933417855005,0.9031138034559079,0,7.239460981882429,13.839936502503
2021-04-23,5.978658445537515,-5.7421365805146385,0.3790514692564627,0,7.517470915993107,14.219809498565033
2021-04-30,5.311672768480436,-6.20880732824154,0.5600264550911384,0,8.487821424201456,14.176580405685616
2021-05-07,6.083525026834125,-5.823511496673361,1.005907541892746,0,8.444542137046405,14.880040486449781
2021-05-14,5.660747813944243,-5.893503569208041,0.9659204985167315,0,7.943594430901666,14.206992257798298
2021-05-21,6.122422130480438,-6.124263696409582,1.4439881770346474,0,8.77861947079066,15.154703429343645
2021-05-28,6.492480080532287,-5.626095594157741,1.9860873795682754,0,8.225180754952182,15.130080111430066
2021-06-04,6.829582524486693,-5.498165481362378,2.0311284609348847,0,7.146213036539167,14.870995913518216
2021-06-11,7.024708716410863,-5.214492270207009,2.0199008597653627,0,6.913288649670928,14.911581545085362
2021-06-18,7.097231376457498,-5.606639422309488,1.739817733866176,0,7.367465281848787,15.236101344741712
2021-06-25,7.490694765327423,-5.41728536328116,1.8205388947890546,0,6.899612420554256,15.354750858117312
2021-07-02,7.5114324533006815,-5.487356331964152,1.6156361930299379,0,6.939580377887007,15.412433671144111
2021-07-09,7.469024570666353,-5.354153517940534,1.4379246607371485,0,6.7631188499985315,15.263849105635577
2021-07-16,7.3921014315521285,-5.6503578204671205,1.4686350081844102,0,7.47198709313763,15.50410292872824
2021-07-23,7.576599069495356,-5.597173356729901,1.4630046189763832,0,6.532799459821311,15.222404761507706
2021-07-30,6.831232370272574,-6.093884423931787,1.2551494568382748,0,6.8075812707996475,14.719096484143519
2021-08-06,7.743979902284711,-5.945361463594591,1.6963658827095418,0,6.623472198712178,15.434642918205832
2021-08-13,7.772086896016779,-5.674303385080761,2.0360059372881607,0,6.457930490756894,15.383431873334679
2021-08-20,7.662636627696897,-5.984481258004306,1.9936304850238156,0,6.601089018004453,15.329251324090775
2021-08-27,8.114916906013079,-6.129034892457562,2.5048461786047893,0,6.948205399340155,15.888507055741822
2021-09-03,8.224932330504366,-6.185858367829405,3.2424259865928353,0,7.197174311083148,16.093212373194493
2021-09-10,7.931636492514322,-5.629267693140495,3.297755807663223,0,6.8989338738897406,15.640253929643308
2021-09-17,7.779526151027366,-6.194483452356269,3.6044751201693015,0,7.236472974823604,15.708866763058305
2021-09-24,8.007668773453492,-5.879673311729697,3.8091046423522568,0,7.339106598217758,15.949380852930837
2021-10-01,8.097125326627634,-5.6519041199294575,3.632958612402748,0,7.021557356861434,15.878510826110901
2021-10-08,8.251766409239083,-5.51370659080316,3.498839246526311,0,7.180319699560879,16.078272945084475
2021-10-15,7.967569467958798,-5.510337572334323,3.7418436691242274,0,7.379604347946911,15.946717957958688
2021-10-22,8.066658696019761,-5.406856706704895,3.5239093285423175,0,7.448810902942885,16.073567945082434
2021-10-29,7.803139444056808,-5.145284437070388,3.087564132839966,0,7.189022552673567,15.742979138186442
2021-11-05,8.059978960021045,-5.341379271863259,3.4936764334872645,0,7.61123992710556,16.166087073830074
2021-11-12,8.138405617318979,-4.950806900430577,3.2771044571138614,0,7.246727004887324,16.031110449736914
2021-11-19,7.93693397789225,-5.177937077698512,3.0619720034280014,0,7.5616680860432135,16.000682467347747
2021-11-26,8.075561237824864,-5.261843683884819,2.148886112271954,0,7.801456539456952,16.225641484366278
2021-12-03,8.022770779388141,-5.415466595449215,1.6700051669341502,0,7.529522759083338,16.061830028878333
2021-12-10,7.983975372625189,-4.508410744078547,1.491198828775753,0,7.188144090397328,15.844300075284321
2021-12-17,7.511299852310211,-4.693402363866299,0.6224811756927173,0,7.658265625385984,15.664437097259576
2021-12-24,7.629308408766993,-4.517385609775839,0.6186153688875572,0,7.471571534860816,15.648799718830311
2021-12-31,4.192326073937727,-4.183306169542298,0.2486452297151168,0,7.666396007849778,12.283430720066097
2022-01-07,7.623541879414535,-4.889113947412969,1.4096953197038689,0,7.2990499439390355,15.546453221471216
2022-01-14,7.808335329060894,-4.814039110509163,1.4383314544738661,0,7.182914034481997,15.686895792049794
2022-01-21,7.286935959957719,-4.264376502441739,1.2984643697632552,0,7.025186917004937,15.063153375032
2022-01-28,7.494387091172752,-4.022707031171138,0.7972898248720213,0,6.980958081810399,15.258028612085738
2022-02-04,7.847985636976275,-4.631946713885513,1.1398395531848797,0,7.0200657613046396,15.64574683731554
2022-02-11,7.854769552491372,-4.4680292326074245,0.7669249090708835,0,7.190732086828826,15.698677781357965
2022-02-18,8.097674651301974,-4.713385925770991,0.6818633281214087,0,7.224691165764576,15.932167343645176
2022-02-25,8.114381153708475,-4.599622782617634,-0.034718075764850094,0,7.610562206522621,16.1209792922781
2022-03-04,8.495276499447215,-4.403074077098829,-1.0022312493362366,0,8.102238115369284,16.713192585179407
2022-03-11,8.26954792314779,-4.043011219522749,-1.487802504400417,0,7.370209546788646,16.17213209022494
2022-03-18,8.24616878634674,-3.4698020442356956,-0.9411653564473134,0,6.4421075762419235,15.726714052251996
2022-03-25,8.398125312172187,-3.3447472615590153,-1.3994580429329482,0,6.300944936480188,15.775319300112105
2022-04-01,8.70172443677665,-3.3307067898500775,-1.670324562502815,0,6.14942108885482,16.011441585931667
2022-04-08,8.524838709159617,-3.339440450086341,-1.5898130447792924,0,6.205532245311746,15.862372617253387
2022-04-15,8.351482878268579,-3.044847570613729,-1.8252497782861732,0,6.792197017481094,15.952231924222685
2022-04-22,8.0932802551419,-2.7810829998463977,-2.188741602253083,0,6.108575326949996,15.396048261992073
2022-04-29,8.459164478873282,-2.340866590644632,-2.159642958925935,0,5.886281270437296,15.648233931887292
2022-05-06,7.968140507399916,-1.8003857902276716,-2.72477329877707,0,6.326316576571502,15.3980274931007
2022-05-13,8.127031689007064,-1.1131915833879593,-3.7501832887514612,0,7.268191495081911,15.90366964363405
2022-05-20,8.346352493351054,-0.7502238552945214,-3.6738660917127217,0,7.932624693868149,16.460448918959386
2022-05-27,8.430003549114407,0.12383259101981103,-3.641741126769036,0,7.023328025871141,15.995937944354003
2022-06-03,8.711519732282063,0.17781379881162954,-3.7629854233801705,0,6.9953384534718825,16.231879705902834
2022-06-10,8.551067539350532,0.5160623779125417,-4.210437115194503,0,7.8079968985515285,16.43656462389673
2022-06-17,8.485078548627717,1.0187677661193473,-4.828537465390385,0,8.35680800535249,16.632907329228303
2022-06-24,8.604322326728441,1.5236079710864798,-4.963627590311776,0,8.363627902519116,16.70905126363118
2022-07-01,8.894962774676767,1.4419170315998313,-5.494206351813675,0,8.36701638800524,16.954384476476843
2022-07-08,8.679390805131916,1.5639474408956968,-5.512141382397916,0,8.401202386640078,16.743997999876445
2022-07-15,8.775971232716964,1.7265237764304133,-5.7570321611796,0,8.445281018911327,16.868390620922085
2022-07-22,8.556541139890307,2.1577217726009374,-5.4530245786550555,0,8.386429850791961,16.60912572110273
2022-07-29,8.777190828039625,2.4312309834901833,-4.657416082335743,0,8.280781777937367,16.774630895762762
2022-08-05,8.761767912536724,1.8437918086025629,-4.157074430192008,0,7.679913618812784,16.50661065174636
2022-08-12,8.67656976368293,2.4281509373600745,-3.55406339106638,0,7.161929516034913,16.138524988656652
2022-08-19,8.827040827805048,2.4919339733099934,-3.458292646135419,0,7.584080429786335,16.44093612705542
2022-08-26,8.575646903922351,2.591684042526048,-3.60151271713115,0,7.3223380075648965,16.072294292304186
2022-09-02,8.91967496554954,2.616195406856031,-3.2550192070395565,0,6.835722988658869,16.151137681352186
2022-09-09,8.62061060556799,2.5552212302647503,-3.037629473901609,0,6.6779826555460975,15.819583186529936
2022-09-16,8.41185895308815,2.9436653795032304,-3.1061682439284395,0,6.697935460846822,15.629162482845365
2022-09-23,8.069241563275172,4.0672715027327495,-3.7644534264402076,0,8.773436120913523,16.272958572636703
2022-09-30,7.040202940791343,2.7531029537207043,-3.960975587049379,0,5.900898334875383,14.036309895479626
2022-10-07,8.429825536400754,3.9263873277826726,-4.079452938386759,0,6.9893243554986535,15.74095142070707
2022-10-14,8.568622156209592,4.464277128356385,-4.28155739832923,0,7.200398470278513,15.945632191174667
2022-10-21,8.336965947991601,4.718888977816122,-4.121114227424636,0,7.540671803330503,15.872229468174497
2022-10-28,8.619404681744177,5.120416121323032,-3.6322979195755387,0,7.717013857220623,16.19051793656967
2022-11-04,8.595308505078519,4.19097949365769,-3.1149448629722083,0,6.666818381874947,15.708510327433478
2022-11-11,8.511620633500135,4.086715844101563,-2.14792270391467,0,6.467562447396567,15.550488127123339
2022-11-18,9.166545496533248,4.348229954856702,-1.9932420519965321,0,6.346274978451187,16.061162853145074
2022-11-25,9.094125271675535,4.46837475141983,-1.798959957901803,0,6.7439410438472835,16.140704906278998
2022-12-02,9.456147413253124,3.8258254629613777,-1.2377100395657332,0,6.480937123635572,16.37420260884542
2022-12-09,9.22866451587596,3.9081908811515222,-1.2287260576438996,0,6.1847349921222445,16.05682686259999
2022-12-16,9.068287253498735,4.594350670812746,-1.4094130545559256,0,6.460542610779008,15.991826243205756
2022-12-23,8.98818588006176,4.7907477180948,-1.8378861062445842,0,6.557528852273738,15.955875668463612
2022-12-30,7.921251776051564,3.8885183622479906,-1.8272262788226048,0,5.923556142036079,14.772857881627308
2023-01-06,9.10132593374251,4.178892213168478,-1.388883557380918,0,6.244872583337312,15.982434729111546
2023-01-13,8.953764492440742,3.96468620800453,-0.4873910343498249,0,6.332599109237235,15.861817047105372
2023-01-20,9.447098968410673,4.33495561118336,-0.19455559893870997,0,6.5468290355767085,16.367520884505453
2023-01-27,9.356961776766125,4.687660324372163,-0.5479382331050803,0,6.39272622574787,16.172273947109932
2023-02-03,9.431068536422393,4.110278891259022,-1.0806082604049259,0,6.415803657936397,16.30456050184208
2023-02-10,9.224400005878827,4.7236268244238335,-1.0177063206041543,0,6.600189881350057,16.18491049897007
2023-02-17,9.282703717281422,4.913452402067924,-0.9968645781074978,0,6.891716472398682,16.32807691899597
2023-02-24,8.980355792421864,5.308239395059965,-1.2882285246048206,0,7.471369157609186,16.30002103817116
2023-03-03,9.028498937077442,4.719591697986241,-1.199836357737547,0,7.229676975339962,16.310248367489223
2023-03-10,9.174817072236605,5.020100927855942,-1.3346569489525542,0,7.358951443669938,16.505085843570832
2023-03-17,9.438832890965019,5.356083243062735,-1.9254467810713958,0,8.062516724315,17.032082319125486
2023-03-24,6.571331952390704,4.843592781712626,-1.9429717794983994,0,8.19025916984455,14.520993890422908
2023-03-31,5.165211144125314,3.964627402060636,-2.719318529779014,0,7.244628685825591,12.620773981803548
2023-04-07,9.582854272100851,4.972784364019453,-2.1314949412744038,0,7.559153145156361,16.904665732323476
2023-04-14,9.477038447338357,4.6814667081998405,-1.8205556578339326,0,8.036152722075883,17.026033297424714
2023-04-21,8.825652741324973,5.12366847436694,-1.9398651462560466,0,7.874440429016351,16.376938818205097
2023-04-28,9.232185757629198,5.300788802059432,-1.3719367357624621,0,8.086859908315827,16.830384654105618
2023-05-05,9.07629753084632,5.274576334797194,-0.9110013290865511,0,8.071458220736965,16.68041566470823
2023-05-12,9.087094577147523,5.130391336414968,-0.515838005363021,0,7.680057047860982,16.460683836547048
2023-05-19,9.202046208555597,5.097798875688317,-0.7931753162408851,0,7.329769136042249,16.42957623412517
2023-05-26,9.475157219969496,4.917206524178251,-0.262945955430858,0,7.209410596710708,16.62599024006405
2023-06-02,9.774852704342061,4.423417662662747,0.2591856679555454,0,7.3693609969387746,16.94844991072656
2023-06-09,9.856379093609728,4.7514882750885326,0.34536352279111027,0,7.3088606574627315,16.956495607840758
2023-06-16,9.773800858307432,4.833865255869382,0.7868577420156538,0,7.312635676125454,16.866606246551058
2023-06-23,9.585379114185617,4.933704497980557,0.7924630280934802,0,7.215378250436732,16.642952526406628
2023-06-30,8.056051161839045,4.1393292543613915,0.7360877792994724,0,6.379726070298557,14.990708001229255
2023-07-07,10.428898752495348,4.884876652484512,1.5859793485208777,0,7.384095554666985,17.40909683652887
2023-07-14,10.577859589131513,4.933648564456979,2.1169249407954247,0,7.640235416829985,17.637264973235148
2023-07-21,10.2551404599103,4.9492093766607805,2.3767485574941336,0,7.53842843383228,17.30113306959767
2023-07-28,10.580591668392216,4.98402152995997,2.3394315698340646,0,7.337188563081558,17.48287309931239
2023-08-04,10.851805743622618,4.7794272309209855,2.363870884035447,0,7.461611651808184,17.774800545188786
2023-08-11,10.639961348578863,4.946845527398027,2.060606979508363,0,6.993926406781461,17.414413763743955
2023-08-18,10.756796892856583,5.961819946923383,1.820363480868526,0,7.891473430642982,17.840711213059738
2023-08-25,10.726413956075586,5.97817378269623,1.6935449815585002,0,7.690942113249232,17.738248754517063
2023-09-01,11.111357728156943,5.655713669212213,2.02795270741078,0,7.805343858417499,18.085885859923554
2023-09-08,10.911218839914056,5.565413421555264,2.09937014435073,0,7.571245014890624,17.816680136218963
2023-09-15,11.028026903887648,5.858153742118901,2.066307558262066,0,7.670502733362977,17.96897196093518
2023-09-22,10.464122111660922,6.018559514559648,1.5678513754044514,0,7.546497847293154,17.485019998526322
2023-09-29,10.39955742275992,5.983541851892146,1.5358167171258326,0,7.434797806466497,17.383624012401796
2023-10-06,10.552937936279593,5.916418668213829,1.9526293557740566,0,7.622656480065768,17.56581716197155
2023-10-13,10.467830766892636,5.768463603493293,1.8541496912024507,0,7.315698650481322,17.385012358928424
2023-10-20,10.641179389313972,5.95376723231306,1.6130010872621996,0,7.554204891017055,17.63975679697936
2023-10-27,10.459921300215301,6.006548353380994,1.1266837080145253,0,7.803777561440254,17.61796997716056
2023-11-03,10.214508102393998,5.914765934946087,1.3898176185578812,0,7.56964355482535,17.28545106368447
2023-11-10,10.164528860704742,5.823163422468457,1.0408912300004798,0,7.305335733279226,17.13446324171873
2023-11-17,10.346115938871135,5.702772824053133,1.2510130494149323,0,7.427543946403685,17.341083338792394
2023-11-24,10.38913715053115,6.073725000471289,1.051543995115308,0,7.889449121100983,17.59785959599504
2023-12-01,11.196393579729603,5.940574951050864,1.7996691208480895,0,7.890677140191024,18.21513097708785
2023-12-08,11.169225445086754,5.610807910665028,2.3815401870806054,0,7.8005602835963455,18.139972002592586
2023-12-15,11.427541201353126,5.590626439891758,2.881285024916711,0,8.180600298899344,18.5143433983522
2023-12-22,11.323565422122412,5.8644474481122595,2.5226042397389477,0,9.042375642167782,18.86412979881677
2023-12-29,11.447246870825253,5.717856120975976,3.2024280924997295,0,8.95711995444692,18.906125650752045
2024-01-05,11.55415515213035,5.670444918117768,3.872274946860105,0,8.95021701887599,18.96095264350175
2024-01-12,11.619718110203353,5.781714366962559,3.9370493237846818,0,9.588528754223736,19.319601079906302
2024-01-19,11.844979190712744,5.909762161590708,3.7022055293386855,0,9.768075850870451,19.586587145148265
2024-01-26,11.568885441326783,6.014396607263587,3.417142283016859,0,10.100345425862162,19.58346823324054
2024-02-02,12.290545850230291,5.852402793493355,3.9695495145140436,0,10.012610928290645,20.034740803153305
2024-02-09,11.994205118106368,5.771985711277585,3.887280142282887,0,10.03536653186545,19.830494379069858
2024-02-16,12.188161901840182,5.841803283490135,4.073824257807703,0,10.152298161989824,20.034257151963956
2024-02-23,11.964930217824392,5.838293953412731,4.243969083586756,0,10.30371688356664,19.932303911420625
2024-03-01,12.028776858327616,5.411185295726291,4.691791747294426,0,9.657997790602774,19.619915959739018
2024-03-08,12.111069711538734,5.22320824937694,5.013347633689939,0,9.855865326435488,19.76398955850517
2024-03-15,12.97218780973714,5.351499034849984,4.5618259453914884,0,10.474684810727618,20.68647099015366
2024-03-22,12.614700765891136,5.6122582486353325,3.8792823279283724,0,10.538636272976717,20.49064712795846
2024-03-29,13.019281557921147,5.868533958208248,3.9019517928410536,0,11.052169747459669,21.059424581510584
2024-04-05,11.945647022024492,5.020904032252182,3.7583223813543336,0,9.034441358524855,19.267449508391216
2024-04-12,11.532940335380557,5.241134832173205,3.2533811234237606,0,8.937112273030719,18.881485156967063
2024-04-19,11.795515941590413,5.439262927692228,2.805822894218818,0,8.965841153341898,19.13171035456615
2024-04-26,11.87065954298214,5.896892706865788,2.404617211182287,0,9.250855591740894,19.350334925115323
2024-05-03,12.024254874010428,5.895014375833785,2.5474480543217912,0,9.294290158357864,19.47673302151823
2024-05-10,11.607600289917315,5.9325746450046575,2.0468031925646106,0,9.149350308687014,19.120949546251918
2024-05-17,11.959100764561327,5.986497958626372,2.3769958205533728,0,9.356726229201286,19.474223780749714
2024-05-24,11.751581286339757,5.989731958539306,2.6329203199209825,0,9.675446219303865,19.49790811233236
2024-05-31,9.771212966508022,4.5064019244846,2.456359375393776,0,7.632079932003434,16.998500454441604
2024-06-07,12.147141716800126,5.28325568753771,3.082184006240786,0,8.869687036139956,19.349638556105283
2024-06-14,11.874845095263844,5.54528157402509,3.24370027544534,0,8.873897074582501,19.15142018609743
2024-06-21,11.717734653606602,5.780155334863665,2.972147656386077,0,9.078955610350118,19.125159457121256
2024-06-28,11.888145085487611,5.507659056122253,3.585365621319464,0,8.8492042565817,19.101182534362447
2024-07-05,12.379558478051287,5.4099168225463306,4.531696754479871,0,9.43297963123369,19.72062611924657
2024-07-12,12.28839540613364,5.130437449354563,4.533949814316356,0,9.290279156554845,19.581379038779346
2024-07-19,12.624352857608518,5.291616635565698,4.770886566433302,0,9.575096679799426,19.9535259086075
