customer_id,projected_orders_6m,projected_clv_6m
C100000,1.538847969853251e-07,70.380005415206
C100002,1.538847969853251e-07,128.330009874018
C100004,1.538847969853251e-07,38.030002926119415
C100005,1.538847969853251e-07,53.94000830054595
C100007,1.538847969853251e-07,46.860007211041584
C100009,1.5388479698532622e-07,172.3300132594835
C100010,1.538847969853251e-07,132.00000406255865
C100011,1.538847969853251e-07,91.41000703330464
C100012,1.538847969853251e-07,85.84000660473549
C100014,1.538847969853251e-07,38.77000596611358
C100015,1.538847969853251e-07,88.600013634193
C100018,1.538847969853251e-07,17.950002762232106
C100019,1.538847969853251e-07,61.03000469579458
C100022,1.538847969853251e-07,58.30000897148366
C100028,1.538847969853251e-07,118.43000607485884
C100030,1.538847969853251e-07,58.030004464967384
C100031,1.538847969853251e-07,66.3800051074364
C100033,1.538847969853251e-07,45.52000700483596
C100034,1.5388479698532622e-07,186.2400143297523
C100045,1.538847969853251e-07,22.12000340393171
C100046,1.5388479698532622e-07,264.24001355417295
C100047,1.5388479698532622e-07,260.460013360278
C100048,1.538847969853251e-07,39.070006012279016
C100049,1.538847969853251e-07,50.96000784196926
C100052,1.5388479698532622e-07,229.9200070762385
C100053,1.538847969853251e-07,35.140005407511765
C100054,1.538847969853251e-07,85.69000329659706
C100057,1.538847969853251e-07,141.44002176546567
C100058,1.538847969853251e-07,20.160003102317507
C100059,1.5388479698532622e-07,194.4300099732737
C100064,1.538847969853251e-07,115.94000594713445
C100065,1.538847969853251e-07,45.39000698483093
C100066,1.5388479698532622e-07,238.42001222973775
C100067,1.538847969853251e-07,49.93000768346791
C100068,1.5388479698532622e-07,289.2000111258708
C100069,1.538847969853251e-07,119.23000611589478
C100072,1.538847969853251e-07,39.64000609999335
C100073,1.538847969853251e-07,141.5000108873494
C100075,1.538847969853251e-07,5.160000794045553
C100076,1.538847969853251e-07,58.870004529598994
C100077,1.538847969853251e-07,1249.5300961418352
C100080,1.538847969853251e-07,22.23000342085904
C100081,1.5388479698532622e-07,319.9300098464726
C100082,1.538847969853251e-07,111.85000860600726
C100083,1.538847969853251e-07,81.07000623772024
C100085,1.5388479698532622e-07,222.28001140183756
C100086,1.5388479698532622e-07,163.75001259931776
C100087,1.538847969853251e-07,73.9200113751642
C100090,1.538847969853251e-07,50.7400078081146
C100091,1.5388479698532622e-07,221.08001134028365
C100092,1.538847969853251e-07,116.92000899610524
C100093,1.538847969853251e-07,70.00001077193579
C100094,1.538847969853251e-07,36.08000555216347
C100095,1.538847969853251e-07,141.95001092197344
C100096,1.538847969853251e-07,21.450003300828893
C100098,1.538847969853251e-07,23.280003582438074
C100099,1.538847969853251e-07,66.87001029027638
C100100,1.538847969853251e-07,137.25001056034418
C100101,1.538847969853251e-07,61.86000475965677
C100102,1.538847969853251e-07,140.75002165928518
C100103,1.5388479698532622e-07,307.5200094645305
C100104,1.2605227932643453e-05,171.7305411739482
C100105,1.538847969853251e-07,87.95000676708393
C100107,1.538847969853251e-07,29.17000448881953
C100109,1.5388479698532622e-07,154.8800079445591
C100111,1.538847969853251e-07,72.27001112125427
C100112,1.5388479698532895e-07,1234.5001899707818
C100113,1.538847969853251e-07,21.110003248508065
C100114,1.2605227932643453e-05,154.980651186075
C100115,1.538847969853251e-07,13.900002138998678
C100117,1.538847969853251e-07,64.76000498278972
C100120,1.538847969853251e-07,19.02000292688884
C100121,1.538847969853251e-07,128.14000985939893
C100122,1.538847969853251e-07,82.8500063746777
C100123,1.5388479698532622e-07,160.100024636956
C100124,1.538847969853251e-07,130.47000669244983
C100125,1.538847969853251e-07,38.97000299844527
C100126,1.538847969853251e-07,24.060003702468215
C100127,1.538847969853251e-07,10.520001618868063
C100128,1.538847969853251e-07,31.160004795050273
C100129,1.538847969853251e-07,104.59000804740546
C100130,1.538847969853251e-07,102.39000787813218
C100132,1.538847969853251e-07,67.9600104580108
C100133,1.538847969853251e-07,77.14000593533662
C100135,1.538847969853251e-07,88.97000456371013
C100136,1.538847969853251e-07,56.27000865909753
C100138,1.538847969853251e-07,127.72000982708313
C100139,1.5388479698532622e-07,287.4800088477603
C100141,1.538847969853251e-07,70.29001081656239
C100142,1.538847969853251e-07,114.52000881144347
C100143,1.538847969853251e-07,0.0
C100144,1.538847969853251e-07,123.23001896322354
C100145,1.538847969853251e-07,46.00000707870066
C100146,1.538847969853251e-07,15.370002365209329
C100147,1.5388479698532895e-07,392.51001006688693
C100148,1.538847969853251e-07,79.7100061330786
C100149,1.538847969853251e-07,102.150007859666
C100150,1.538847969853251e-07,38.03000585223883
C100151,1.538847969853251e-07,40.300006201557316
C100152,1.538847969853251e-07,40.24000619232423
C100154,1.538847969853251e-07,46.450007147948824
C100156,1.5388479698532622e-07,180.1000092382173
C100157,1.538847969853251e-07,39.6500061015322
C100158,1.5388479698532622e-07,169.39000651663642
C100159,1.538847969853251e-07,144.1500044364987
C100160,1.538847969853251e-07,103.2300079427638
C100162,1.5388479698532622e-07,169.87000871347016
C100163,1.538847969853251e-07,50.710003901749026
C100164,1.5388479698532622e-07,185.70000714410168
C100165,1.538847969853251e-07,40.09000616924151
C100166,1.538847969853251e-07,85.50001315715014
C100167,1.538847969853251e-07,94.89001460212839
C100168,1.538847969853251e-07,116.71001795989466
C100169,1.538847969853251e-07,67.49001038568494
C100171,1.538847969853251e-07,45.120006943282036
C100173,1.538847969853251e-07,89.44001376345624
C100174,1.538847969853251e-07,20.1800031053952
C100176,1.5388479698532622e-07,155.21000477689185
C100177,1.538847969853251e-07,33.51000515667955
C100178,1.538847969853251e-07,51.48000396099467
C100179,1.538847969853251e-07,23.710003648608538
C100181,1.5388479698532622e-07,208.8600107134596
C100182,1.538847969853251e-07,70.99001092428173
C100183,1.538847969853251e-07,88.21001357417794
C100184,1.538847969853251e-07,24.750003808648724
C100185,1.538847969853251e-07,112.10000575016191
C100186,1.538847969853251e-07,26.94000414565643
C100187,1.5388479698532622e-07,197.39001518766003
C100188,1.538847969853251e-07,42.52000654318157
C100189,1.538847969853251e-07,83.04001277859355
C100190,1.538847969853251e-07,0.0
C100191,1.538847969853251e-07,130.37000668732034
C100193,1.538847969853251e-07,107.04000823591434
C100194,1.538847969853251e-07,45.25000696328706
C100195,1.538847969853251e-07,119.73000921231338
C100198,1.538847969853251e-07,96.95001491913106
C100200,1.538847969853251e-07,60.52000465655396
C100201,1.538847969853251e-07,133.60001027950443
C100202,1.538847969853251e-07,41.97000645854493
C100204,1.538847969853251e-07,24.68000379787679
C100205,1.538847969853251e-07,63.670004898922514
C100206,1.538847969853251e-07,127.38000490046136
C100208,1.538847969853251e-07,24.290003737861717
C100209,1.538847969853251e-07,96.97001492220876
C100214,1.538847969853251e-07,140.1100215607989
C100215,1.538847969853251e-07,35.7300054983038
C100217,1.538847969853251e-07,101.79001566393349
C100218,1.538847969853251e-07,37.30000573990292
C100220,1.538847969853251e-07,42.800006586269305
C100222,1.538847969853251e-07,7.98000122800068
C100223,1.538847969853251e-07,85.03000654241214
C100226,1.5388479698532622e-07,267.44001028873754
C100228,1.538847969853251e-07,48.19000370785418
C100229,1.5388479698532622e-07,284.89001096005995
C100230,1.538847969853251e-07,19.21000295612695
C100232,1.538847969853251e-07,52.840008131272675
C100234,1.5388479698532622e-07,182.7000140573762
C100235,1.538847969853251e-07,30.910004756579074
C100238,1.538847969853251e-07,94.99000730875842
C100239,1.538847969853251e-07,46.62000717410923
C100241,1.538847969853251e-07,14.970002303655411
C100242,1.538847969853251e-07,132.73001021256457
C100243,1.538847969853251e-07,33.84000520746153
C100247,1.538847969853251e-07,85.69000659319413
C100248,1.5388479698532895e-07,469.0100120289181
C100249,1.538847969853251e-07,113.30000871757375
C100254,1.538847969853251e-07,92.34001420972216
C100258,1.538847969853251e-07,78.74000605844446
C100259,1.538847969853251e-07,32.1900024767758
C100260,1.538847969853251e-07,114.41001760595962
C100261,1.538847969853251e-07,40.20000618616884
C100262,1.5388479698532622e-07,231.85000891954755
C100263,1.538847969853251e-07,119.77001843078213
C100264,1.538847969853251e-07,9.570001472677507
C100267,1.538847969853251e-07,23.730003651686232
C100268,1.538847969853251e-07,137.49001057881037
C100269,1.538847969853251e-07,106.66001641335244
C100270,1.538847969853251e-07,35.47000545829375
C100271,1.5388479698532622e-07,269.98001038645435
C100272,1.538847969853251e-07,112.44000865140329
C100273,1.538847969853251e-07,94.7700145836622
C100276,1.538847969853251e-07,73.86000568296555
C100278,1.538847969853251e-07,33.01000507973715
C100279,1.538847969853251e-07,45.200006955592826
C100282,1.538847969853251e-07,59.50000457807271
C100284,1.538847969853251e-07,94.34001451749175
C100287,1.5388479698532622e-07,174.59000895558225
C100289,1.538847969853251e-07,146.29001125590347
C100290,1.538847969853251e-07,32.66000502587747
C100291,1.538847969853251e-07,22.4100034485583
C100295,1.538847969853251e-07,114.4100058686532
C100297,1.538847969853251e-07,71.65000551292286
C100298,1.5388479698532622e-07,228.0100116957575
C100300,1.538847969853251e-07,70.60000543213333
C100301,1.538847969853251e-07,89.15000685941483
C100302,1.538847969853251e-07,92.56001424357682
C100304,1.5388479698532622e-07,157.48000605844445
C100305,1.5388479698532622e-07,176.5700090571462
C100306,1.538847969853251e-07,27.620004250298095
C100307,1.538847969853251e-07,56.56000870372412
C100308,1.538847969853251e-07,78.87001213689395
C100309,1.538847969853251e-07,50.36000774963838
C100316,1.538847969853251e-07,19.910003063846307
C100317,1.538847969853251e-07,19.12000294227732
C100319,1.538847969853251e-07,50.45000776348801
C100321,1.538847969853251e-07,44.43000341855076
C100322,1.5388479698532895e-07,347.72001070176435
C100323,1.538847969853251e-07,11.950001838923324
C100325,1.538847969853251e-07,26.130004021009743
C100326,1.538847969853251e-07,36.340005592173526
C100328,1.538847969853251e-07,32.46000499510051
C100331,1.538847969853251e-07,74.50000382147246
C100333,1.538847969853251e-07,58.540009008416014
C100334,1.538847969853251e-07,67.9400104549331
C100336,1.538847969853251e-07,21.82000335776627
C100338,1.538847969853251e-07,89.48001376961165
C100340,1.538847969853251e-07,83.32001282168127
C100341,1.538847969853251e-07,30.760004733496356
C100345,1.538847969853251e-07,131.40001011023116
C100347,1.5388479698532622e-07,233.18000897071425
C100348,1.5388479698532622e-07,160.40000822770716
C100350,1.538847969853251e-07,43.52000669706637
C100351,1.5388479698532622e-07,273.1400140106978
C100353,1.538847969853251e-07,16.25000250062795
C100355,1.538847969853251e-07,152.90000784299517
C100356,1.538847969853251e-07,56.84000437340593
C100357,1.5388479698532895e-07,452.0800139136478
C100360,1.538847969853251e-07,111.13000570040583
C100361,1.538847969853251e-07,24.610003787104855
C100362,1.2605227932643453e-05,170.481074469629
C100364,1.538847969853251e-07,9.100001400351653
C100366,1.5388479698532622e-07,168.25000517822343
C100367,1.538847969853251e-07,45.310006972520156
C100368,1.538847969853251e-07,51.71000795738285
C100370,1.538847969853251e-07,89.6800069001943
C100371,1.538847969853251e-07,110.28001697041542
C100374,1.538847969853251e-07,109.57000562038573
C100375,1.538847969853251e-07,116.34000596765243
C100376,1.538847969853251e-07,54.49000838518259
C100377,1.538847969853251e-07,32.07000493508544
C100378,1.2605227932643453e-05,246.2006206814234
C100379,1.538847969853251e-07,62.370009597794784
C100380,1.538847969853251e-07,50.94000783889155
C100382,1.538847969853251e-07,22.600001738898207
C100383,1.538847969853251e-07,75.77000582992554
C100384,1.538847969853251e-07,118.2800091007469
C100386,1.538847969853251e-07,66.22000509512563
C100389,1.538847969853251e-07,106.55000819821255
C100390,1.538847969853251e-07,92.34000473657406
C100391,1.5388479698532622e-07,186.05001431513324
C100392,1.5388479698532622e-07,220.76000849290193
C100394,1.538847969853251e-07,47.09000724643509
C100395,1.538847969853251e-07,91.82001412970206
C100396,1.538847969853251e-07,39.14000602305096
C100398,1.538847969853251e-07,89.84001382501016
C100401,1.538847969853251e-07,40.00000615539188
C100403,1.538847969853251e-07,88.0900045185706
C100404,1.538847969853251e-07,45.75000704022946
C100405,1.5388479698532622e-07,176.5700054342877
C100407,1.538847969853251e-07,60.450004651167994
C100408,1.5388479698532622e-07,162.01000831029197
C100409,1.538847969853251e-07,152.8500058803228
C100411,1.538847969853251e-07,73.3200112828333
C100413,1.5388479698532622e-07,171.8500088150341
C100414,1.538847969853251e-07,63.74000980861696
C100415,1.538847969853251e-07,146.8900113020689
C100417,1.538847969853251e-07,105.04000808202954
C100418,1.538847969853251e-07,77.90000399587524
C100423,1.538847969853251e-07,30.870004750423686
C100424,1.538847969853251e-07,45.60000350857337
C100428,1.538847969853251e-07,35.190005415206
C100429,1.538847969853251e-07,114.71001765212506
C100430,1.538847969853251e-07,44.72000344086406
C100431,1.538847969853251e-07,63.2500048666067
C100432,1.538847969853251e-07,29.930004605771973
C100435,1.538847969853251e-07,140.7700054155907
C100437,1.538847969853251e-07,66.41000510974467
C100438,1.2605227932643453e-05,209.94088211385073
C100439,1.538847969853251e-07,75.46001161214677
C100441,1.538847969853251e-07,80.87001244466353
C100443,1.538847969853251e-07,20.59000316848797
C100446,1.538847969853251e-07,34.4400052997924
C100447,1.538847969853251e-07,19.15000147344693
C100450,1.538847969853251e-07,20.00000307769594
C100452,1.538847969853251e-07,62.42000960548903
C100453,1.538847969853251e-07,22.540003468563324
C100454,1.538847969853251e-07,64.32000494893506
C100455,1.538847969853251e-07,19.75000303922474
C100458,1.538847969853251e-07,42.70000657088083
C100459,1.538847969853251e-07,0.0
C100460,1.538847969853251e-07,123.29000379449133
C100462,1.538847969853251e-07,78.7400121168889
C100463,1.5388479698532622e-07,160.88000618924653
C100466,1.538847969853251e-07,27.73000426722542
C100467,1.538847969853251e-07,121.21001865237623
C100468,1.538847969853251e-07,149.17000765166506
C100469,1.538847969853251e-07,46.64000717718693
C100470,1.538847969853251e-07,89.4100137588397
C100476,1.538847969853251e-07,55.53000427261139
C100477,1.538847969853251e-07,114.92000589481363
C100478,1.538847969853251e-07,73.94001137824189
C100482,1.538847969853251e-07,61.970009536240866
C100484,1.538847969853251e-07,99.40000764807442
C100487,1.538847969853251e-07,69.2600053290305
C100490,1.538847969853251e-07,139.66001074577537
C100491,1.538847969853251e-07,44.150006794013784
C100493,1.5388479698532622e-07,192.33000739916577
C100494,1.538847969853251e-07,111.6500085906188
C100496,1.538847969853251e-07,28.420001457801977
C100497,1.538847969853251e-07,30.110004633471238
C100498,1.538847969853251e-07,62.05000477427583
C100500,1.538847969853251e-07,34.050002619888666
C100501,1.538847969853251e-07,110.44001699503697
C100503,1.538847969853251e-07,101.90000784043042
C100505,1.5388479698532622e-07,304.1700156023796
C100506,1.5388479698532622e-07,281.47000866279075
C100507,1.538847969853251e-07,64.61000994249673
C100509,1.5388479698532622e-07,230.5900088710738
C100511,1.538847969853251e-07,61.03000469579458
C100513,1.538847969853251e-07,40.940006300043585
C100514,1.538847969853251e-07,63.83000982246659
C100515,1.5388479698532895e-07,436.6500134387593
C100516,1.538847969853251e-07,64.28000494585737
C100517,1.5388479698532622e-07,154.23000474673046
C100518,1.538847969853251e-07,137.98001061651215
C100519,1.538847969853251e-07,18.03000277454289
C100520,1.538847969853251e-07,62.450004805052785
C100522,1.538847969853251e-07,151.350023290464
C100523,1.538847969853251e-07,39.6700061046099
C100525,1.538847969853251e-07,73.50001131053259
C100526,1.538847969853251e-07,87.4700067301516
C100527,1.538847969853251e-07,58.97000907458648
C100528,1.538847969853251e-07,54.36000836517756
C100529,1.538847969853251e-07,111.39000857061377
C100530,1.538847969853251e-07,9.230001420356677
C100534,1.538847969853251e-07,29.070004473431048
C100536,1.5388479698532622e-07,193.1500059445697
C100539,1.538847969853251e-07,71.32000548753186
C100541,1.538847969853251e-07,33.550005162834935
C100542,1.2605227932643453e-05,230.2409674092264
C100544,1.5388479698532895e-07,393.09001008176244
C100545,1.538847969853251e-07,52.950008148200006
C100547,1.538847969853251e-07,55.17000848982425
C100548,1.538847969853251e-07,51.71000795738285
C100550,1.538847969853251e-07,83.68000643853992
C100552,1.5388479698532895e-07,334.6600102998172
C100553,1.538847969853251e-07,121.58000935465681
C100557,1.538847969853251e-07,133.23002050207148
C100559,1.538847969853251e-07,62.32000959010055
C100560,1.538847969853251e-07,153.73000788556993
C100565,1.538847969853251e-07,124.8700096077973
C100567,1.538847969853251e-07,31.540004853526497
C100568,1.5388479698532622e-07,168.06000862062632
C100569,1.538847969853251e-07,77.70000597842437
C100571,1.538847969853251e-07,32.84000505357674
C100573,1.538847969853251e-07,0.0
C100574,1.5388479698532622e-07,242.83000934196133
C100575,1.538847969853251e-07,116.96000599945528
C100579,1.5388479698532622e-07,248.08001272524683
C100580,1.538847969853251e-07,87.26001342798739
C100581,1.538847969853251e-07,36.08000555216347
C100582,1.538847969853251e-07,18.840002899189574
C100583,1.5388479698532622e-07,183.46001411585243
C100584,1.538847969853251e-07,60.48000465347626
C100587,1.538847969853251e-07,85.9500132263983
C100588,1.2605227932643453e-05,156.02065555588737
C100589,1.538847969853251e-07,20.30000312386138
C100590,1.538847969853251e-07,107.51000827207727
C100591,1.538847969853251e-07,33.22000511205295
C100595,1.538847969853251e-07,26.040002003580057
C100598,1.538847969853251e-07,62.51000961933866
C100601,1.538847969853251e-07,39.23000603690058
C100602,1.538847969853251e-07,90.71000348972248
C100603,1.538847969853251e-07,112.88000868525793
C100605,1.538847969853251e-07,77.28001189221712
C100606,1.538847969853251e-07,103.1500079366084
C100609,1.538847969853251e-07,45.200006955592826
C100610,1.5388479698532622e-07,197.26001011843834
C100616,1.538847969853251e-07,57.07000878220536
C100618,1.5388479698532622e-07,217.92000838364373
C100620,1.538847969853251e-07,24.500003770177525
C100621,1.538847969853251e-07,23.390003599365404
C100622,1.538847969853251e-07,108.3600083374783
C100623,1.538847969853251e-07,80.3400061815523
C100624,1.538847969853251e-07,125.98000969320337
C100625,1.538847969853251e-07,68.61000527901795
C100628,1.538847969853251e-07,48.930007529583115
C100631,1.538847969853251e-07,97.77000752265829
C100632,1.538847969853251e-07,118.86001829074696
C100633,1.538847969853251e-07,13.240002037434712
C100635,1.538847969853251e-07,135.1500069325101
C100636,1.538847969853251e-07,4.000000615539188
C100639,1.538847969853251e-07,15.310002355976243
C100642,1.5388479698532895e-07,1280.6700985378216
C100645,1.5388479698532622e-07,237.9000091522983
C100646,1.2605227932643453e-05,192.01060508245382
C100649,1.538847969853251e-07,17.830002743765927
C100651,1.538847969853251e-07,77.24001188606171
C100654,1.538847969853251e-07,47.460007303372464
C100655,1.5388479698532622e-07,169.68000870372413
C100656,1.538847969853251e-07,113.62001748439064
C100657,1.538847969853251e-07,117.32000902688219
C100658,1.538847969853251e-07,34.46000530287011
C100659,1.538847969853251e-07,17.620002711450123
C100661,1.538847969853251e-07,32.74000503818826
C100662,1.538847969853251e-07,80.69001241696427
C100663,1.538847969853251e-07,21.690003337761247
C100664,1.538847969853251e-07,110.1100084721275
C100665,1.538847969853251e-07,44.8000068940389
C100666,1.538847969853251e-07,89.01000684864289
C100668,1.538847969853251e-07,13.650002100527479
C100670,1.538847969853251e-07,32.85000505511558
C100672,1.538847969853251e-07,149.00000764294492
C100675,1.538847969853251e-07,16.15000248523947
C100676,1.538847969853251e-07,66.960005152063
C100678,1.5388479698532622e-07,160.5500082354014
C100679,1.538847969853251e-07,97.34000748957307
C100681,1.538847969853251e-07,98.04000754343275
C100683,1.2605227932643453e-05,225.05070920163658
C100684,1.538847969853251e-07,112.42000864986444
C100685,1.538847969853251e-07,37.81000581838418
C100686,1.538847969853251e-07,77.45001191837753
C100687,1.538847969853251e-07,132.66000680478572
C100691,1.538847969853251e-07,56.070008628320565
C100696,1.538847969853251e-07,91.82000470990069
C100697,1.538847969853251e-07,113.37000581530648
C100700,1.538847969853251e-07,117.82001813070677
C100703,1.538847969853251e-07,87.98000451292815
C100705,1.538847969853251e-07,22.71000349472374
C100706,1.538847969853251e-07,103.17000793814725
C100707,1.538847969853251e-07,142.28000729824296
C100710,1.538847969853251e-07,82.88001275397197
C100711,1.538847969853251e-07,26.69000410718523
C100712,1.538847969853251e-07,26.370004057942097
C100714,1.538847969853251e-07,21.700003339300093
C100717,1.538847969853251e-07,130.3000066837297
C100718,1.538847969853251e-07,124.15001910479755
C100719,1.538847969853251e-07,46.080007091011446
C100722,1.5388479698532895e-07,1241.9900955616895
C100724,1.538847969853251e-07,100.67000774579125
C100726,1.538847969853251e-07,94.42000726490127
C100727,1.538847969853251e-07,29.99000461500506
C100728,1.5388479698532622e-07,174.2000067016829
C100729,1.5388479698532895e-07,347.74001337797483
C100732,1.5388479698532622e-07,220.8000169888816
C100734,1.538847969853251e-07,131.39000673964114
C100735,1.538847969853251e-07,92.04000708177837
C100738,1.538847969853251e-07,11.03000169734931
C100740,1.538847969853251e-07,143.1800110166126
C100741,1.5388479698532622e-07,172.04000661858512
C100743,1.538847969853251e-07,39.430006067677546
C100745,1.538847969853251e-07,153.57001181604414
C100747,1.538847969853251e-07,94.16001448979249
C100748,1.538847969853251e-07,69.82000537211826
C100749,1.538847969853251e-07,12.020001849695259
C100750,1.538847969853251e-07,150.67000772860746
C100752,1.538847969853251e-07,23.58000362860351
C100754,1.538847969853251e-07,122.53000942775209
C100757,1.538847969853251e-07,49.22000757420971
C100759,1.538847969853251e-07,68.82001059035173
C100763,1.538847969853251e-07,108.37000555883182
C100764,1.538847969853251e-07,26.69000410718523
C100765,1.538847969853251e-07,27.18000418258878
C100766,1.538847969853251e-07,38.18000293766078
C100767,1.538847969853251e-07,133.8100068637749
C100768,1.2605227932643453e-05,154.20064790871572
C100769,1.538847969853251e-07,31.550004855065346
C100770,1.538847969853251e-07,27.88000429030814
C100772,1.538847969853251e-07,61.360009442371144
C100773,1.538847969853251e-07,129.5000199280812
C100776,1.538847969853251e-07,83.58001286169133
C100777,1.538847969853251e-07,35.37000544290527
C100778,1.5388479698532622e-07,210.2500161771393
C100779,1.5388479698532622e-07,196.0000150807101
C100780,1.538847969853251e-07,73.36000564449435
C100781,1.538847969853251e-07,52.240008038941795
C100782,1.5388479698532622e-07,221.69001137157355
C100783,1.5388479698532622e-07,295.48001136746996
C100784,1.538847969853251e-07,91.92001414509055
C100787,1.538847969853251e-07,58.61000450959398
C100789,1.538847969853251e-07,43.160006641667835
C100791,1.5388479698532622e-07,199.36000766961828
C100793,1.538847969853251e-07,152.04000584916113
C100795,1.538847969853251e-07,52.310004024856866
C100797,1.538847969853251e-07,41.01000631081552
C100799,1.538847969853251e-07,45.91000353242551
C100801,1.538847969853251e-07,104.58000536442403
C100802,1.538847969853251e-07,35.990005538313845
C100804,1.538847969853251e-07,89.86001382808786
C100805,1.538847969853251e-07,136.83001052802837
C100806,1.538847969853251e-07,48.39000744648533
C100808,1.538847969853251e-07,66.06001016562969
C100809,1.538847969853251e-07,92.37000284286775
C100815,1.538847969853251e-07,11.610001786602492
C100816,1.538847969853251e-07,83.9700064608532
C100817,1.538847969853251e-07,1356.8000417581784
C100818,1.538847969853251e-07,106.69001641796899
C100819,1.538847969853251e-07,111.77000429992593
C100822,1.538847969853251e-07,68.48000351267697
C100823,1.538847969853251e-07,66.27000509897276
C100824,1.538847969853251e-07,98.92000761114205
C100825,1.538847969853251e-07,29.99000461500506
C100826,1.538847969853251e-07,88.88001367728076
C100827,1.538847969853251e-07,23.46000361013734
C100830,1.538847969853251e-07,9.830001512687554
C100831,1.538847969853251e-07,29.030004467275656
C100832,1.538847969853251e-07,23.810003663997016
C100833,1.538847969853251e-07,36.28000558294043
C100837,1.538847969853251e-07,59.29000912382961
C100842,1.538847969853251e-07,39.320006050750216
C100844,1.538847969853251e-07,21.77000335007203
C100845,1.538847969853251e-07,27.51000423337077
C100847,1.5388479698532895e-07,1340.450068758292
C100848,1.5388479698532622e-07,164.49002531251026
C100850,1.538847969853251e-07,92.89000476478627
C100851,1.538847969853251e-07,21.170003257741154
C100852,1.538847969853251e-07,106.81000547881172
C100854,1.538847969853251e-07,43.760006733998715
C100855,1.538847969853251e-07,8.82000135726391
C100856,1.538847969853251e-07,40.21000618770769
C100859,1.5388479698532622e-07,210.68000810511225
C100860,1.538847969853251e-07,79.08001216920974
C100862,1.538847969853251e-07,45.110006941743194
C100863,1.538847969853251e-07,48.18000370708476
C100864,1.538847969853251e-07,59.36000456730078
C100866,1.538847969853251e-07,58.59000901611026
C100867,1.5388479698532622e-07,188.82000581130546
C100868,1.538847969853251e-07,4.850000746341265
C100869,1.5388479698532622e-07,222.32001140388934
C100870,1.538847969853251e-07,22.95000353165609
C100871,1.538847969853251e-07,27.060002082061303
C100872,1.538847969853251e-07,66.11000508666196
C100873,1.538847969853251e-07,53.25000819436544
C100874,1.538847969853251e-07,94.3100072564376
C100877,1.5388479698532622e-07,238.89000919038477
C100878,1.538847969853251e-07,40.39000621540695
C100880,1.5388479698532622e-07,262.82001011100056
C100882,1.5388479698532622e-07,164.38001264779146
C100885,1.538847969853251e-07,23.49000361475388
C100886,1.538847969853251e-07,82.15000632081804
C100887,1.538847969853251e-07,88.79001366343113
C100888,1.538847969853251e-07,121.21000932618811
C100890,1.538847969853251e-07,123.2000094793035
C100891,1.538847969853251e-07,75.28001158444752
C100895,1.538847969853251e-07,7.49000115259713
C100897,1.538847969853251e-07,25.130003867124948
C100898,1.538847969853251e-07,46.960007226430065
C100899,1.5388479698532895e-07,1252.3000963549655
C100902,1.538847969853251e-07,49.44000760806436
C100903,1.5388479698532622e-07,189.05000969730696
C100905,1.538847969853251e-07,88.87000455858065
C100907,1.538847969853251e-07,84.75000652086827
C100908,1.538847969853251e-07,26.76000411795717
C100909,1.538847969853251e-07,30.94000238059781
C100911,1.538847969853251e-07,48.520007466490355
C100912,1.538847969853251e-07,52.80000812511728
C100913,1.538847969853251e-07,87.88000676169797
C100914,1.538847969853251e-07,112.79000578555542
C100915,1.538847969853251e-07,85.03001308482429
C100916,1.5388479698532622e-07,219.4700112576988
C100917,1.5388479698532622e-07,240.4300123328406
C100918,1.538847969853251e-07,108.49001669496162
C100919,1.538847969853251e-07,17.110002632968875
C100920,1.538847969853251e-07,16.930002605269614
C100921,1.538847969853251e-07,88.62001363727072
C100924,1.538847969853251e-07,110.65000567578427
C100925,1.538847969853251e-07,118.11000605844445
C100927,1.538847969853251e-07,45.17000695097628
C100930,1.538847969853251e-07,74.67001149057779
C100931,1.538847969853251e-07,30.7900047381129
C100932,1.538847969853251e-07,39.39000606152215
C100933,1.538847969853251e-07,38.4200059122539
C100935,1.538847969853251e-07,126.86000976091267
C100936,1.538847969853251e-07,6.710001032566987
C100939,1.538847969853251e-07,19.27000296536004
C100940,1.538847969853251e-07,110.67000567681016
C100941,1.5388479698532622e-07,193.17001486296311
C100942,1.538847969853251e-07,110.01000846443327
C100947,1.538847969853251e-07,107.66000828361862
C100948,1.538847969853251e-07,64.68000497663434
C100949,1.5388479698532622e-07,191.5800058962499
C100952,1.538847969853251e-07,13.640002098988631
C100953,1.5388479698532622e-07,181.4200093059266
C100954,1.538847969853251e-07,94.61000727952032
C100956,1.538847969853251e-07,55.98000430723546
C100957,1.538847969853251e-07,18.210002802242155
C100958,1.5388479698532622e-07,234.3300120199415
C100959,1.5388479698532622e-07,282.4800144897925
C100960,1.538847969853251e-07,45.170003475488144
C100962,1.538847969853251e-07,118.14000908997495
C100963,1.538847969853251e-07,13.070002011274298
C100964,1.5388479698532622e-07,240.73000740893744
C100966,1.538847969853251e-07,54.88000844519766
C100967,1.538847969853251e-07,113.17000870757124
C100968,1.538847969853251e-07,41.750003212345135
C100969,1.538847969853251e-07,45.200006955592826
C100974,1.538847969853251e-07,80.89001244774123
C100975,1.2605227932643453e-05,180.3507577842859
C100978,1.538847969853251e-07,35.250005424439095
C100979,1.538847969853251e-07,79.04000608152717
C100980,1.538847969853251e-07,0.0
C100982,1.538847969853251e-07,144.65000741981197
C100983,1.5388479698532622e-07,176.43000904996492
C100984,1.538847969853251e-07,112.68000866986947
C100986,1.538847969853251e-07,88.51000454011447
C100989,1.5388479698532895e-07,1234.5001899707818
C100990,1.538847969853251e-07,50.10000385481417
C100991,1.5388479698532622e-07,162.83000835235381
C100995,1.538847969853251e-07,145.4900074628997
C100997,1.538847969853251e-07,46.69000718488117
C100998,1.538847969853251e-07,115.96000892224052
C100999,1.538847969853251e-07,102.35001575010897
C101001,1.538847969853251e-07,109.92001691501689
C101004,1.538847969853251e-07,69.01001061958985
C101005,1.538847969853251e-07,138.330005321721
C101006,1.5388479698532622e-07,231.20000889454124
C101007,1.5388479698532622e-07,307.890009475918
C101010,1.538847969853251e-07,45.37000349087662
C101011,1.538847969853251e-07,42.000006463161476
C101014,1.538847969853251e-07,51.54000793122243
C101018,1.538847969853251e-07,18.290002814552935
C101022,1.5388479698532622e-07,165.58001274012233
C101023,1.538847969853251e-07,60.71000934234603
C101024,1.5388479698532622e-07,274.7700105707314
C101025,1.538847969853251e-07,31.37000482736608
C101026,1.538847969853251e-07,71.35000365989342
C101027,1.538847969853251e-07,62.730009653193314
C101028,1.538847969853251e-07,133.55000513782866
C101030,1.538847969853251e-07,26.40000406255864
C101034,1.538847969853251e-07,31.31000481813299
C101036,1.538847969853251e-07,92.19000472887981
C101038,1.538847969853251e-07,130.93001007406824
C101042,1.538847969853251e-07,8.890000684017924
C101043,1.538847969853251e-07,58.28000896840597
C101044,1.538847969853251e-07,121.71001872931863
C101047,1.538847969853251e-07,43.570003352380304
C101048,1.538847969853251e-07,98.70000759421474
C101049,1.538847969853251e-07,19.680003028452806
C101050,1.538847969853251e-07,76.33001174602656
C101051,1.538847969853251e-07,142.69001097891083
C101053,1.538847969853251e-07,118.44000607537178
C101057,1.538847969853251e-07,66.45001022564476
C101058,1.538847969853251e-07,123.40000949469199
C101059,1.538847969853251e-07,87.4300067270739
C101060,1.538847969853251e-07,26.560004087180207
C101061,1.538847969853251e-07,27.800004277997356
C101062,1.538847969853251e-07,33.33000512898028
C101064,1.538847969853251e-07,134.47000689762956
C101065,1.5388479698532622e-07,198.84001529922645
C101066,1.5388479698532622e-07,304.5700066955275
C101067,1.538847969853251e-07,127.09001955721885
C101068,1.5388479698532622e-07,166.24000639545218
C101069,1.538847969853251e-07,75.0900057776047
C101070,1.538847969853251e-07,74.9600057676022
C101072,1.538847969853251e-07,15.02000231134965
C101073,1.5388479698532622e-07,217.53001673727994
C101075,1.5388479698532622e-07,156.92001207380116
C101076,1.538847969853251e-07,118.67000913075444
C101077,1.538847969853251e-07,126.01000969551164
C101078,1.538847969853251e-07,29.99000461500506
C101079,1.538847969853251e-07,78.99000607768006
C101082,1.538847969853251e-07,56.80000437032823
C101086,1.538847969853251e-07,24.140003714779
C101087,1.5388479698532622e-07,161.44000621079041
C101088,1.538847969853251e-07,82.66000636005866
C101089,1.5388479698532622e-07,195.92001004970314
C101092,1.538847969853251e-07,54.300004177972234
C101094,1.5388479698532895e-07,1274.7500980823224
C101096,1.5388479698532622e-07,205.29001053033664
C101097,1.5388479698532622e-07,156.58001204764074
C101098,1.538847969853251e-07,101.9800156931716
C101099,1.538847969853251e-07,37.72000290226727
C101101,1.538847969853251e-07,35.37000544290527
C101102,1.538847969853251e-07,101.27001558391339
C101103,1.538847969853251e-07,16.890002599114222
C101104,1.538847969853251e-07,15.710002417530161
C101105,1.538847969853251e-07,143.11000550561334
C101106,1.538847969853251e-07,0.0
C101107,1.538847969853251e-07,86.95000669014154
C101108,1.538847969853251e-07,12.940001991269272
C101110,1.538847969853251e-07,153.07001177757294
C101111,1.538847969853251e-07,25.750003962533523
C101112,1.538847969853251e-07,43.75000336622993
C101113,1.538847969853251e-07,12.370001903554938
C101114,1.5388479698532622e-07,163.32002513246505
C101115,1.538847969853251e-07,39.59000609229911
C101116,1.538847969853251e-07,82.62001271396193
C101117,1.538847969853251e-07,26.670004104107537
C101118,1.538847969853251e-07,94.99000730875842
C101119,1.538847969853251e-07,111.87001721509225
C101120,1.538847969853251e-07,51.660007949688605
C101121,1.538847969853251e-07,87.52000673399871
C101123,1.5388479698532622e-07,187.68000962703292
C101124,1.538847969853251e-07,101.47000520489678
C101125,1.538847969853251e-07,41.17000316771855
C101126,1.538847969853251e-07,51.08000786043543
C101127,1.5388479698532895e-07,1234.5001899707818
C101128,1.538847969853251e-07,117.07000900764659
C101130,1.538847969853251e-07,0.0
C101131,1.538847969853251e-07,78.53000604228656
C101132,1.538847969853251e-07,124.69001918789533
C101134,1.538847969853251e-07,29.99000461500506
C101135,1.538847969853251e-07,23.94000368400204
C101137,1.5388479698532622e-07,194.05000746533622
C101140,1.538847969853251e-07,29.720004573456166
C101143,1.538847969853251e-07,71.34001097814142
C101145,1.5388479698532895e-07,2474.170126912383
C101146,1.538847969853251e-07,47.480003653225076
C101147,1.538847969853251e-07,112.01001723663612
C101148,1.538847969853251e-07,143.2200110196903
C101150,1.538847969853251e-07,43.06000662627936
C101151,1.5388479698532622e-07,179.13000918846123
C101154,1.538847969853251e-07,147.0200113120714
C101155,1.538847969853251e-07,10.00000153884797
C101156,1.538847969853251e-07,28.590004399566347
C101157,1.538847969853251e-07,98.38000756959316
C101159,1.538847969853251e-07,66.9800103072037
C101160,1.538847969853251e-07,118.00000907920302
C101161,1.538847969853251e-07,38.280002945355015
C101162,1.538847969853251e-07,21.930003374693598
C101165,1.5388479698532622e-07,178.34001372190735
C101166,1.5388479698532622e-07,190.43000976809398
C101167,1.538847969853251e-07,63.920009836316225
C101168,1.538847969853251e-07,64.23000494201025
C101169,1.538847969853251e-07,150.6200077260427
C101170,1.538847969853251e-07,139.78000717000563
C101171,1.538847969853251e-07,97.32000748803422
C101172,1.538847969853251e-07,31.360004825827232
C101174,1.538847969853251e-07,62.590009631649444
C101176,1.538847969853251e-07,88.49000680863286
C101177,1.538847969853251e-07,84.08000646931686
C101182,1.538847969853251e-07,79.50000611692067
C101183,1.538847969853251e-07,58.660009026882186
C101184,1.538847969853251e-07,123.4300063313335
C101185,1.538847969853251e-07,32.32000497355664
C101186,1.538847969853251e-07,0.0
C101187,1.538847969853251e-07,109.42001683807449
C101188,1.5388479698532622e-07,203.04001041492305
C101192,1.538847969853251e-07,45.160002316479144
C101193,1.538847969853251e-07,44.08000678324185
C101194,1.5388479698532622e-07,289.7000148601419
C101195,1.538847969853251e-07,74.31001143517926
C101196,1.538847969853251e-07,47.50000730952786
C101199,1.538847969853251e-07,9.3600014403617
C101202,1.538847969853251e-07,38.950005993812844
C101207,1.538847969853251e-07,115.830005941492
C101208,1.538847969853251e-07,69.96000358859347
C101209,1.538847969853251e-07,99.84000512128604
C101211,1.538847969853251e-07,133.53001027411847
C101212,2.0,481.8299999999999
C101215,1.538847969853251e-07,91.55000704407658
C101217,1.538847969853251e-07,31.150002396755713
C101219,1.538847969853251e-07,16.900002600653067
C101220,1.538847969853251e-07,68.2500105026374
C101221,1.538847969853251e-07,131.34001010561462
C101222,1.5388479698532622e-07,198.21003050150563
C101224,1.5388479698532622e-07,178.51000915665836
C101226,1.538847969853251e-07,34.190005261321204
C101227,1.5388479698532622e-07,296.80001522433594
C101230,1.5388479698532622e-07,247.7500076249917
C101231,1.538847969853251e-07,80.98000623079544
C101233,1.538847969853251e-07,35.28000271452782
C101235,1.5388479698532622e-07,237.46000913537097
C101237,1.538847969853251e-07,135.79001044800827
C101238,1.538847969853251e-07,126.09000970166703
C101239,1.538847969853251e-07,78.99000405178671
C101240,1.538847969853251e-07,80.71001242004196
C101242,1.538847969853251e-07,16.45000253140491
C101247,1.538847969853251e-07,109.93000845827787
C101248,1.538847969853251e-07,100.70000774809954
C101250,1.538847969853251e-07,69.91000358602872
C101251,1.538847969853251e-07,45.200006955592826
C101253,1.538847969853251e-07,46.41000357089671
C101254,1.538847969853251e-07,29.830004590383492
C101255,1.538847969853251e-07,15.08000232058274
C101256,1.538847969853251e-07,139.77001075423902
C101257,1.538847969853251e-07,132.28000508897023
C101259,1.538847969853251e-07,40.07000308308191
C101261,1.538847969853251e-07,115.31001774445595
C101266,1.5388479698532622e-07,313.73001206956934
C101267,1.538847969853251e-07,49.030007544971596
C101268,1.538847969853251e-07,82.54001270165115
C101269,1.538847969853251e-07,61.74000950084737
C101270,1.538847969853251e-07,91.36000351472876
C101271,1.5388479698532622e-07,157.88002429533174
C101277,1.538847969853251e-07,141.0100054248238
C101279,1.538847969853251e-07,51.120003933295415
C101280,1.538847969853251e-07,45.200006955592826
C101281,1.5388479698532622e-07,165.0700127008817
C101282,1.538847969853251e-07,53.00000815589424
C101285,1.538847969853251e-07,29.2900045072857
C101287,1.538847969853251e-07,85.11001309713507
C101290,1.538847969853251e-07,0.0
C101291,1.538847969853251e-07,115.34001774907249
C101292,1.538847969853251e-07,84.44001299403226
C101293,1.538847969853251e-07,32.690005030494014
C101294,1.538847969853251e-07,48.170007412630675
C101295,1.538847969853251e-07,59.54000305410026
C101296,1.538847969853251e-07,85.02001308328543
C101298,1.5388479698532622e-07,175.9800135403233
C101301,1.538847969853251e-07,-12.000001846617565
C101302,1.538847969853251e-07,45.200006955592826
C101304,1.538847969853251e-07,60.02000923616552
C101305,1.538847969853251e-07,43.880006752464894
C101306,1.538847969853251e-07,57.380004414954826
C101307,1.5388479698532622e-07,162.6800083446596
C101308,1.5388479698532622e-07,191.00000734799906
C101309,1.538847969853251e-07,34.85000536288518
C101310,1.538847969853251e-07,81.67001256777137
C101311,1.538847969853251e-07,91.36001405891506
C101312,1.538847969853251e-07,24.300003739400566
C101314,1.538847969853251e-07,88.62000681863536
C101316,1.538847969853251e-07,76.36000587532155
C101317,1.538847969853251e-07,102.24000524439387
C101318,1.538847969853251e-07,47.04000723874085
C101319,1.538847969853251e-07,60.400003098213915
C101320,1.538847969853251e-07,27.8100042795362
C101321,1.538847969853251e-07,73.53001131514912
C101323,1.538847969853251e-07,80.69001241696427
C101325,1.538847969853251e-07,30.570004704258245
C101327,1.538847969853251e-07,53.14000817743811
C101330,1.538847969853251e-07,48.66000748803422
C101331,1.5388479698532622e-07,169.4600065193294
C101332,1.538847969853251e-07,28.52000438879441
C101333,1.538847969853251e-07,23.390003599365404
C101334,1.5388479698532622e-07,193.08000990402556
C101335,1.538847969853251e-07,127.84000655754416
C101336,1.538847969853251e-07,18.760002886878794
C101339,1.538847969853251e-07,55.780004291846986
C101341,1.538847969853251e-07,12.640001945103835
C101343,1.538847969853251e-07,96.03001477755706
C101344,1.538847969853251e-07,-12.000001846617565
C101346,1.538847969853251e-07,105.76001627485613
C101347,1.5388479698532622e-07,243.78000937850896
C101348,1.538847969853251e-07,50.47000388328285
C101350,1.5388479698532895e-07,1263.700097232109
C101351,1.538847969853251e-07,89.06000685249
C101355,1.538847969853251e-07,137.85000530325485
C101358,1.538847969853251e-07,60.18000463039354
C101360,1.538847969853251e-07,115.85000891377686
C101364,1.538847969853251e-07,76.41000587916866
C101365,1.538847969853251e-07,91.30001404968196
C101366,1.538847969853251e-07,46.49000715410421
C101367,1.538847969853251e-07,45.68000702945753
C101368,1.538847969853251e-07,66.73000513436624
C101369,1.538847969853251e-07,105.56001624407916
C101370,1.538847969853251e-07,70.68000543828873
C101371,1.538847969853251e-07,102.80001581935713
C101373,1.538847969853251e-07,52.52000808202954
C101374,1.5388479698532622e-07,189.9700097444983
C101375,1.538847969853251e-07,22.680003490107197
C101377,1.5388479698532622e-07,204.02000627911528
C101378,1.538847969853251e-07,84.51000325120104
C101381,1.538847969853251e-07,46.450007147948824
C101383,1.538847969853251e-07,147.8500113759336
C101385,1.538847969853251e-07,74.13000570374
C101387,1.538847969853251e-07,66.86000514436876
C101389,1.538847969853251e-07,25.61000394098965
C101392,1.538847969853251e-07,138.35002128996166
C101394,1.538847969853251e-07,49.61000763422478
C101395,1.538847969853251e-07,119.26000917615045
C101396,1.538847969853251e-07,60.45000930233598
C101398,1.538847969853251e-07,59.52000915922312
C101400,1.5388479698532622e-07,154.46000792301527
C101401,1.538847969853251e-07,55.3700085206012
C101402,1.538847969853251e-07,59.86000921154395
C101404,1.538847969853251e-07,47.940007377237166
C101405,1.538847969853251e-07,19.670003026913957
C101407,1.538847969853251e-07,72.12000554908579
C101409,1.5388479698532622e-07,195.1800100117449
C101410,1.2605227932643453e-05,176.49111234833893
C101411,1.5388479698532622e-07,155.52001196608182
C101412,1.538847969853251e-07,72.51000557909332
C101414,1.538847969853251e-07,64.29000989325361
C101415,1.538847969853251e-07,49.890007677312525
C101416,1.538847969853251e-07,74.29000571605077
C101417,1.538847969853251e-07,67.55000519745901
C101418,1.538847969853251e-07,94.71001457442911
C101420,1.538847969853251e-07,25.500003924062323
C101421,1.5388479698532622e-07,268.0500206244099
C101422,1.538847969853251e-07,137.6500070607474
C101423,1.538847969853251e-07,21.10000324696922
C101427,1.5388479698532622e-07,230.01001769752108
C101428,1.538847969853251e-07,12.530001928176505
C101429,1.538847969853251e-07,36.75000565526629
C101430,1.538847969853251e-07,127.77000983093025
C101431,1.538847969853251e-07,54.210008342094845
C101432,1.538847969853251e-07,117.10000600663658
C101435,1.538847969853251e-07,35.72000549676495
C101436,1.538847969853251e-07,90.050006928663
C101439,1.538847969853251e-07,112.22000863447596
C101440,1.538847969853251e-07,87.58001347723052
C101444,1.5388479698532622e-07,214.0600164702898
C101445,1.538847969853251e-07,113.26000871449605
C101446,1.538847969853251e-07,128.08000656985493
C101447,1.538847969853251e-07,119.48000919307778
C101449,1.538847969853251e-07,7.970001226461831
C101450,1.538847969853251e-07,135.99001046339677
C101452,1.538847969853251e-07,32.01000492585235
C101453,1.5388479698532622e-07,210.7200081066511
C101455,1.538847969853251e-07,17.78000273607169
C101457,1.538847969853251e-07,59.09000909305266
C101458,1.538847969853251e-07,49.36000759575358
C101460,1.538847969853251e-07,9.90000152345949
C101462,1.538847969853251e-07,46.25000237239062
C101463,1.538847969853251e-07,122.65000943698519
C101464,1.538847969853251e-07,75.41000580222627
C101467,1.5388479698532622e-07,229.0200176213481
C101468,1.538847969853251e-07,95.23001465444922
C101470,1.538847969853251e-07,135.1300103972263
C101471,1.538847969853251e-07,69.75001073346459
C101472,1.538847969853251e-07,109.13000839672394
C101473,1.538847969853251e-07,0.0
C101474,1.538847969853251e-07,70.2900036055208
C101475,1.538847969853251e-07,110.8600085298343
C101477,1.538847969853251e-07,75.0700115521317
C101479,1.538847969853251e-07,125.04000641391835
C101480,1.538847969853251e-07,98.67000759190645
C101482,1.2605227932643453e-05,164.6306917328915
C101483,1.5388479698532622e-07,176.41000678670423
C101484,1.538847969853251e-07,47.230007267978955
C101490,1.538847969853251e-07,98.13001510071513
C101491,1.538847969853251e-07,58.1200089437844
C101492,1.5388479698532622e-07,217.24000835748333
C101493,1.5388479698532622e-07,186.92000719103655
C101494,1.5388479698532895e-07,374.05001151212167
C101496,1.538847969853251e-07,143.78000737518536
C101500,1.538847969853251e-07,50.510007772721096
C101503,1.538847969853251e-07,99.9600153823243
C101506,1.538847969853251e-07,87.23001342337085
C101507,1.538847969853251e-07,46.18000710639993
C101509,1.538847969853251e-07,95.83000491559336
C101510,1.538847969853251e-07,116.34000895147864
C101511,1.538847969853251e-07,84.09001294017258
C101513,1.538847969853251e-07,42.21000649547728
C101515,1.538847969853251e-07,43.97000676631452
C101517,1.538847969853251e-07,143.27001102353742
C101518,1.538847969853251e-07,32.5200050043336
C101522,1.538847969853251e-07,44.960006918660476
C101523,1.538847969853251e-07,73.39001129360526
C101524,1.538847969853251e-07,146.1400112443621
C101525,1.538847969853251e-07,51.50000396253352
C101526,1.538847969853251e-07,47.52000365630278
C101528,1.5388479698532622e-07,192.73001482910846
C101530,1.538847969853251e-07,98.5200151607302
C101531,1.538847969853251e-07,31.430002418299583
C101532,1.538847969853251e-07,37.220005727592145
C101533,1.538847969853251e-07,44.770003444711186
C101534,1.538847969853251e-07,42.21000649547728
C101535,1.5388479698532622e-07,173.89001337951365
C101536,1.538847969853251e-07,139.58001073962
C101537,1.2605227932643453e-05,190.12079883531152
C101541,1.538847969853251e-07,40.95000315079122
C101545,1.538847969853251e-07,67.750010425695
C101546,1.538847969853251e-07,34.43000529825356
C101547,1.538847969853251e-07,106.79001643335748
C101548,1.538847969853251e-07,134.93001038183783
C101551,1.538847969853251e-07,25.870003980999698
C101555,1.5388479698532622e-07,242.84000934234598
C101556,1.538847969853251e-07,72.91001121974054
C101558,1.538847969853251e-07,94.46000726797895
C101559,1.538847969853251e-07,29.99000461500506
C101560,1.538847969853251e-07,97.88000753112196
C101562,1.538847969853251e-07,99.66000511205296
C101563,1.5388479698532622e-07,218.30001119768374
C101565,1.538847969853251e-07,113.86000438033075
C101566,1.538847969853251e-07,91.0800140158273
C101567,1.538847969853251e-07,40.420006220023495
C101569,1.5388479698532622e-07,183.9000141497071
C101570,1.538847969853251e-07,137.03000702894457
C101572,1.538847969853251e-07,62.90000483967687
C101573,1.538847969853251e-07,32.32000497355664
C101575,1.538847969853251e-07,51.41000791121741
C101581,1.538847969853251e-07,121.67000936158162
C101582,1.538847969853251e-07,26.75000411641832
C101587,1.538847969853251e-07,96.80000744802418
C101588,1.538847969853251e-07,66.12001017486278
C101590,1.538847969853251e-07,123.50001900477243
C101593,1.5388479698532622e-07,171.01001315791956
C101596,1.538847969853251e-07,130.70001005637147
C101598,1.5388479698532622e-07,289.010008894849
C101599,1.538847969853251e-07,31.880004905847326
C101602,1.538847969853251e-07,83.69000643930933
C101603,1.5388479698532622e-07,156.20000801226843
C101606,1.538847969853251e-07,139.9600107688581
C101608,1.5388479698532622e-07,246.1700094704551
C101609,1.538847969853251e-07,41.150003166179694
C101611,1.538847969853251e-07,1234.5001899707818
C101612,1.538847969853251e-07,12.570001934331898
C101613,1.538847969853251e-07,20.26000311770599
C101614,1.538847969853251e-07,23.38000359782655
C101615,1.538847969853251e-07,34.520005312103194
C101616,1.538847969853251e-07,146.21001124974808
C101617,1.538847969853251e-07,150.01001154212918
C101618,1.538847969853251e-07,34.910005372118256
C101619,1.538847969853251e-07,124.29000637544715
C101620,1.538847969853251e-07,67.28000345112305
C101621,1.5388479698532622e-07,154.18000790865267
C101623,1.5388479698532895e-07,330.25001016409084
C101624,1.538847969853251e-07,28.57000439648865
C101625,1.538847969853251e-07,4.720000726336242
C101628,1.538847969853251e-07,93.40000479094668
C101631,1.538847969853251e-07,45.39000698483093
C101632,1.538847969853251e-07,58.44000899302753
C101633,1.538847969853251e-07,57.46000884222043
C101634,1.538847969853251e-07,33.89000521515577
C101639,1.5388479698532622e-07,205.65000791160213
C101641,1.538847969853251e-07,30.200004647320867
C101642,1.538847969853251e-07,44.95000691712163
C101645,1.538847969853251e-07,64.80000997173484
C101646,1.538847969853251e-07,32.84000505357674
C101648,1.538847969853251e-07,127.64000982092774
C101649,1.538847969853251e-07,59.100004547295754
C101650,1.538847969853251e-07,54.93000422644595
C101651,1.538847969853251e-07,111.0300085429145
C101655,1.5388479698532622e-07,290.9600089548641
C101657,1.538847969853251e-07,83.79000644700356
C101658,1.538847969853251e-07,133.70000685813244
C101659,1.538847969853251e-07,110.5900170181197
C101660,1.538847969853251e-07,87.27001342952623
C101661,1.538847969853251e-07,53.67000825899706
C101663,1.538847969853251e-07,30.69000472272442
C101665,1.538847969853251e-07,66.28001019948435
C101666,1.538847969853251e-07,21.170003257741154
C101667,1.538847969853251e-07,17.110002632968875
C101670,1.538847969853251e-07,43.340006669367106
C101673,1.538847969853251e-07,65.56000504434365
C101674,1.5388479698532895e-07,1338.2200686439044
C101676,1.538847969853251e-07,86.33001328487452
C101677,1.538847969853251e-07,52.56000808818493
C101681,1.5388479698532622e-07,208.32000801432022
C101682,1.538847969853251e-07,113.7800175090122
C101684,1.538847969853251e-07,70.09000539289272
C101685,1.538847969853251e-07,99.59001532538693
C101687,1.5388479698532622e-07,193.2400148683491
C101690,1.538847969853251e-07,62.010003180798755
C101691,1.5388479698532622e-07,187.2200144051558
C101692,1.538847969853251e-07,30.030004621160455
C101698,1.5388479698532622e-07,170.90000876630393
C101699,1.538847969853251e-07,19.060002933044228
C101700,1.538847969853251e-07,119.23000611589478
C101703,1.5388479698532622e-07,266.6900136798455
C101704,1.538847969853251e-07,30.750004731957507
C101707,1.5388479698532895e-07,1246.2600958902335
C101708,1.538847969853251e-07,111.80000573477344
C101709,1.538847969853251e-07,118.1400060599833
C101711,1.538847969853251e-07,70.43000541905313
C101712,1.538847969853251e-07,42.400006524715394
C101713,1.538847969853251e-07,52.990008154355394
C101714,1.538847969853251e-07,52.15000401254608
C101717,1.538847969853251e-07,24.950003839425683
C101718,1.538847969853251e-07,132.21001017255452
C101719,1.538847969853251e-07,148.4500076147327
C101720,1.538847969853251e-07,59.17000910536344
C101722,1.538847969853251e-07,88.75000455242524
C101725,1.538847969853251e-07,126.51000486699142
C101726,1.538847969853251e-07,44.92000691250508
C101729,1.538847969853251e-07,6.070000934080718
C101730,1.538847969853251e-07,68.68000528440393
C101731,1.538847969853251e-07,30.10000463193239
C101734,1.538847969853251e-07,147.37001133900128
C101736,1.5388479698532622e-07,172.32000883914273
C101737,1.538847969853251e-07,65.92000507204291
C101738,1.5388479698532622e-07,169.76001306174155
C101740,1.538847969853251e-07,41.6100064031464
C101742,1.538847969853251e-07,83.8400064508507
C101743,1.538847969853251e-07,68.51000527132372
C101745,1.538847969853251e-07,71.69000551600054
C101746,1.2605227932643453e-05,246.75062206799848
C101748,1.538847969853251e-07,78.57000604536424
C101749,1.538847969853251e-07,109.35000841365127
C101750,1.538847969853251e-07,66.93001029950948
C101751,1.2605227932643453e-05,234.1807379730693
C101752,1.538847969853251e-07,116.62000897302252
C101753,1.5388479698532622e-07,276.5000106372866
C101755,1.538847969853251e-07,96.54000495201278
C101756,1.538847969853251e-07,150.2900115636731
C101757,1.538847969853251e-07,98.61001517457983
C101762,1.538847969853251e-07,76.8000118183524
C101763,1.538847969853251e-07,55.36000283968745
C101764,1.538847969853251e-07,19.580003013064324
C101765,1.538847969853251e-07,135.66002087601154
C101766,1.538847969853251e-07,33.070005088970234
C101767,1.538847969853251e-07,45.01000346317736
C101768,1.538847969853251e-07,103.31001589783838
C101770,1.538847969853251e-07,30.510004695025156
C101771,1.538847969853251e-07,58.44000899302753
C101772,1.538847969853251e-07,91.28000468220142
C101774,1.538847969853251e-07,69.14000531979744
C101779,1.538847969853251e-07,27.770004273380813
C101781,1.538847969853251e-07,94.71000728721455
C101786,1.538847969853251e-07,143.4600110381565
C101787,1.538847969853251e-07,47.19000726182357
C101789,1.538847969853251e-07,29.0600044718922
C101791,1.538847969853251e-07,93.22001434514077
C101792,1.538847969853251e-07,68.64000528132624
C101798,1.5388479698532622e-07,161.680012440047
C101799,1.5388479698532622e-07,155.6800119783926
C101801,1.538847969853251e-07,60.35000464347375
C101803,1.538847969853251e-07,81.23000625003104
C101804,1.538847969853251e-07,35.40000544752181
C101807,1.538847969853251e-07,116.30000894840094
C101813,1.538847969853251e-07,17.670002719144364
C101814,1.538847969853251e-07,92.69001426358183
C101815,1.538847969853251e-07,34.150005255165816
C101817,1.538847969853251e-07,84.25000432159806
C101818,1.538847969853251e-07,64.90000998712333
C101819,1.538847969853251e-07,116.9100089953358
C101820,1.538847969853251e-07,152.53001173602405
C101821,1.538847969853251e-07,34.910005372118256
C101823,1.538847969853251e-07,51.490007923528196
C101825,1.538847969853251e-07,25.96000399484933
C101826,1.538847969853251e-07,37.33000574451947
C101828,1.538847969853251e-07,72.1300027749276
C101829,1.538847969853251e-07,48.5100074649515
C101830,1.5388479698532622e-07,165.26001271550078
C101832,1.538847969853251e-07,23.070003550122266
C101833,1.5388479698532622e-07,255.1800078536645
C101836,1.538847969853251e-07,48.63000374170884
C101837,1.538847969853251e-07,99.92000768808445
C101838,1.538847969853251e-07,61.960009534702024
C101841,1.538847969853251e-07,43.48000669091097
C101842,1.538847969853251e-07,34.17000525824351
C101845,1.538847969853251e-07,75.01001154289862
C101847,1.538847969853251e-07,75.54001162445758
C101848,1.538847969853251e-07,74.28000571528136
C101849,1.538847969853251e-07,58.96000453652382
C101851,1.538847969853251e-07,23.30000358551577
C101852,1.538847969853251e-07,14.340002206707988
C101853,1.538847969853251e-07,65.53000504203537
C101854,1.538847969853251e-07,65.79000506204041
C101855,1.538847969853251e-07,92.74000713563804
C101856,1.538847969853251e-07,36.53000562141163
C101857,1.5388479698532622e-07,164.71001267318243
C101859,1.9999220578908015,231.20699650082202
C101861,1.538847969853251e-07,112.77000867679428
C101864,1.538847969853251e-07,87.49000448779363
C101866,1.538847969853251e-07,84.13001294632797
C101867,1.538847969853251e-07,65.95000507435118
C101868,1.538847969853251e-07,69.11000265874458
C101869,1.538847969853251e-07,29.880004598077733
C101871,1.538847969853251e-07,104.50000804048064
C101873,1.538847969853251e-07,12.250001885088762
C101874,1.5388479698532622e-07,211.62000814127518
C101875,1.538847969853251e-07,126.30001943564986
C101877,1.5388479698532622e-07,164.07000631196965
C101879,1.5388479698532622e-07,196.26001510071512
C101880,1.538847969853251e-07,119.55000613230915
C101881,1.5388479698532622e-07,265.3200081657429
C101882,1.538847969853251e-07,33.57000516591263
C101884,1.538847969853251e-07,61.14000940851649
C101885,1.538847969853251e-07,77.31000396561122
C101886,1.538847969853251e-07,19.85000305461322
C101887,1.538847969853251e-07,61.640004742729445
C101888,1.538847969853251e-07,103.09000793199186
C101889,1.538847969853251e-07,31.23000480582221
C101890,1.5388479698532622e-07,166.5700256325906
C101891,1.5388479698532622e-07,163.77000840057107
C101893,1.538847969853251e-07,69.75001073346459
C101897,1.538847969853251e-07,89.28000686941733
C101899,1.5388479698532622e-07,235.22000904919548
C101900,1.538847969853251e-07,93.66000720642504
C101901,1.5388479698532622e-07,181.19000697059658
C101902,1.538847969853251e-07,16.410002525249517
C101906,1.538847969853251e-07,22.980003536272637
C101907,1.538847969853251e-07,101.12001556083068
C101909,1.5388479698532622e-07,228.69001173063808
C101910,1.538847969853251e-07,23.970003688618583
C101912,1.538847969853251e-07,128.52000494431852
C101913,1.538847969853251e-07,148.27001140824942
C101915,1.538847969853251e-07,116.32000894993979
C101916,1.538847969853251e-07,29.99000461500506
C101918,1.538847969853251e-07,71.71001103507878
C101919,1.538847969853251e-07,21.410003294673505
C101920,1.538847969853251e-07,28.890004445731787
C101923,1.538847969853251e-07,77.43001191529984
C101926,1.538847969853251e-07,44.500006847873465
C101928,1.538847969853251e-07,105.75000813665864
C101930,1.538847969853251e-07,124.46000957625091
C101933,1.538847969853251e-07,41.46000319003184
C101934,1.538847969853251e-07,85.46000657549739
C101935,1.538847969853251e-07,28.260004348784364
C101938,1.538847969853251e-07,110.21001695964347
C101939,1.5388479698532622e-07,314.67000691756124
C101942,1.538847969853251e-07,11.800001815840606
C101943,1.538847969853251e-07,77.87000599150457
C101945,1.538847969853251e-07,101.75001565777809
C101946,1.538847969853251e-07,51.23000394175907
C101948,1.538847969853251e-07,79.72001226769602
C101950,1.538847969853251e-07,136.950007024841
C101952,1.538847969853251e-07,134.41000689455186
C101953,1.538847969853251e-07,149.5600076716701
C101954,1.538847969853251e-07,39.10000601689556
C101955,1.538847969853251e-07,110.70000567834902
C101957,1.538847969853251e-07,74.6100114813447
C101959,1.538847969853251e-07,56.78000291252626
C101960,1.538847969853251e-07,146.29000750393564
C101962,1.538847969853251e-07,75.9600058445446
C101963,1.538847969853251e-07,59.250009117674225
C101966,1.538847969853251e-07,91.03000700406653
C101967,1.538847969853251e-07,84.42000649547728
C101968,1.538847969853251e-07,119.92000922693244
C101971,1.538847969853251e-07,91.9300070733147
C101974,1.538847969853251e-07,57.45000884068159
C101975,1.5388479698532622e-07,248.8900127667957
C101976,1.538847969853251e-07,40.300006201557316
C101978,1.538847969853251e-07,45.710007034074074
C101979,1.538847969853251e-07,123.46000633287234
C101980,1.538847969853251e-07,102.85000791352567
C101982,1.538847969853251e-07,135.02000692584176
C101983,1.538847969853251e-07,122.77000944621825
C101984,1.538847969853251e-07,130.20000500895014
C101986,1.5388479698532622e-07,168.9700086673047
C101987,1.538847969853251e-07,105.58000812357844
C101988,1.538847969853251e-07,65.74001011638654
C101989,1.538847969853251e-07,41.48000638314137
C101995,1.538847969853251e-07,113.2800174320698
C101996,1.538847969853251e-07,27.88000429030814
C101998,1.5388479698532622e-07,227.79001168447263
C101999,1.538847969853251e-07,69.16000532133627
C102001,1.538847969853251e-07,96.94001491759222
C102002,1.538847969853251e-07,15.290002352898545
C102005,1.538847969853251e-07,12.550001931254203
C102007,1.5388479698532622e-07,207.0100159278459
C102009,1.538847969853251e-07,45.850003527808965
C102012,1.5388479698532622e-07,197.3800075934453
C102013,1.538847969853251e-07,70.62000543367219
C102015,1.5388479698532622e-07,256.6800098747874
C102018,1.538847969853251e-07,8.010001232617224
C102021,1.538847969853251e-07,44.10000678631955
C102022,1.5388479698532622e-07,204.06001570086585
C102023,1.538847969853251e-07,98.04000754343275
C102024,1.538847969853251e-07,71.54001100891838
C102025,1.538847969853251e-07,104.87001613789866
C102026,1.538847969853251e-07,152.4200117275604
C102027,1.538847969853251e-07,117.63000603382288
C102031,1.538847969853251e-07,126.32001943872754
C102032,1.538847969853251e-07,26.290004045631314
C102034,1.538847969853251e-07,46.28000712178841
C102036,1.538847969853251e-07,64.99001000097294
C102037,1.538847969853251e-07,113.72000874988956
C102038,1.538847969853251e-07,43.860006749387196
C102039,1.538847969853251e-07,31.77000488892
C102041,1.538847969853251e-07,63.010004848140525
C102042,1.538847969853251e-07,75.64000581992302
C102043,1.538847969853251e-07,63.76000981169465
C102044,1.538847969853251e-07,49.82000766654058
C102045,1.538847969853251e-07,117.88001813993986
C102046,1.538847969853251e-07,69.06001062728409
C102047,1.538847969853251e-07,35.590002738379965
C102048,1.538847969853251e-07,125.38000643135861
C102049,1.538847969853251e-07,52.840008131272675
C102051,1.5388479698532622e-07,240.06000738831688
C102053,1.5388479698532622e-07,164.74000845032717
C102054,1.5388479698532622e-07,160.26000822052583
C102055,1.2605227932643453e-05,279.53058725656064
C102056,1.538847969853251e-07,98.68000506178393
C102057,1.538847969853251e-07,70.09001078578542
C102059,1.538847969853251e-07,95.65000735954042
C102061,1.5388479698532622e-07,167.24000857856447
C102062,1.538847969853251e-07,120.18000924693746
C102067,1.5388479698532622e-07,246.24001263086416
C102070,1.538847969853251e-07,21.510003310061986
C102074,1.538847969853251e-07,92.20000709408914
C102076,1.538847969853251e-07,90.3500069517457
C102077,1.538847969853251e-07,62.25000957932861
C102079,1.538847969853251e-07,74.46001145826197
C102084,1.538847969853251e-07,67.9800104610885
C102087,1.538847969853251e-07,121.81000937235356
C102088,1.5388479698532895e-07,460.8900141847928
C102089,1.538847969853251e-07,26.89000413796219
C102090,1.5388479698532622e-07,178.2800068586454
C102091,1.538847969853251e-07,23.970003688618583
C102092,1.538847969853251e-07,118.01001815994489
C102093,1.5388479698532622e-07,245.73001260470372
C102094,1.538847969853251e-07,106.36000818359351
C102097,1.538847969853251e-07,12.320001895860699
C102098,1.538847969853251e-07,35.27000542751679
C102100,1.5388479698532622e-07,288.6600111050964
C102101,1.538847969853251e-07,19.6800015142264
C102102,1.538847969853251e-07,124.56001916789032
C102103,1.5388479698532622e-07,219.57001126282827
C102107,1.538847969853251e-07,151.16001163061296
C102108,1.538847969853251e-07,55.15000848674655
C102109,1.538847969853251e-07,107.45000826746072
C102110,1.538847969853251e-07,33.32000512744143
C102115,1.538847969853251e-07,72.97001122897363
C102117,1.538847969853251e-07,94.48000726951781
C102119,1.538847969853251e-07,23.59000363014236
C102120,1.538847969853251e-07,74.21001141979077
C102121,1.538847969853251e-07,105.74000542392614
C102122,1.538847969853251e-07,95.54000490071785
C102123,1.5388479698532895e-07,1389.1001068806856
C102124,1.538847969853251e-07,48.12000740493643
C102126,1.5388479698532622e-07,205.96001056470428
C102127,1.538847969853251e-07,91.28001404660426
C102129,1.538847969853251e-07,142.34001095198101
C102130,1.538847969853251e-07,49.7400038271149
C102131,1.538847969853251e-07,90.99000700098884
C102133,1.538847969853251e-07,78.90000607075525
C102134,1.5388479698532622e-07,171.49001319485194
C102136,1.538847969853251e-07,150.68002318736123
C102138,1.538847969853251e-07,37.9000058322338
C102139,1.5388479698532622e-07,159.34000817333452
C102141,1.538847969853251e-07,133.58001027796558
C102145,1.538847969853251e-07,19.870003057690916
C102146,1.538847969853251e-07,24.44000376094444
C102148,1.538847969853251e-07,83.39001283245322
C102149,1.538847969853251e-07,63.710009804000414
C102152,1.538847969853251e-07,15.350002362131633
C102153,1.538847969853251e-07,64.7100099578852
C102155,1.538847969853251e-07,46.720007189497714
C102156,1.538847969853251e-07,77.3000118952948
C102157,1.538847969853251e-07,150.82000580222626
C102160,1.538847969853251e-07,42.600003277746175
C102161,1.538847969853251e-07,54.570008397493375
C102163,1.538847969853251e-07,0.0
C102165,1.538847969853251e-07,60.360009288486346
C102166,1.538847969853251e-07,76.43001176141505
C102167,1.2605227932643453e-05,269.45067929573327
C102168,1.538847969853251e-07,80.78000414360463
C102172,1.5388479698532622e-07,166.40000853547676
C102175,1.538847969853251e-07,43.610006710916
C102177,1.538847969853251e-07,52.490008077412995
C102179,1.538847969853251e-07,40.35000620925156
C102181,1.538847969853251e-07,41.01000315540776
C102182,1.538847969853251e-07,82.220006326204
C102183,1.538847969853251e-07,10.0900015526976
C102184,1.5388479698532622e-07,203.56001044159643
C102185,1.5388479698532622e-07,211.78000814743058
C102186,1.538847969853251e-07,14.390002214402228
C102187,1.538847969853251e-07,111.43000857369147
C102188,1.538847969853251e-07,37.100005709125966
C102189,1.538847969853251e-07,55.34000283866156
C102190,1.538847969853251e-07,73.34001128591102
C102191,1.538847969853251e-07,16.270002503705648
C102193,1.538847969853251e-07,30.980004767351012
C102194,1.538847969853251e-07,92.77000713794631
C102196,1.5388479698532622e-07,167.16001286169134
C102197,1.5388479698532622e-07,179.5500092100051
C102199,1.538847969853251e-07,12.120001865083738
C102200,1.538847969853251e-07,142.10000728900988
C102201,1.5388479698532622e-07,161.020004955706
C102202,1.538847969853251e-07,43.71000672630448
C102203,1.538847969853251e-07,68.54001054726399
C102205,1.538847969853251e-07,55.92000860523785
C102206,1.538847969853251e-07,81.2600062523393
C102207,1.538847969853251e-07,43.09000663089591
C102208,1.538847969853251e-07,60.29000463885721
C102209,1.538847969853251e-07,48.55000747110689
C102211,1.538847969853251e-07,67.49001038568494
C102212,1.538847969853251e-07,72.85000560525373
C102213,1.538847969853251e-07,41.74000642315143
C102215,1.538847969853251e-07,144.6300111281791
C102216,1.538847969853251e-07,46.8000072018085
C102217,1.538847969853251e-07,16.32000251139989
C102218,1.538847969853251e-07,45.200006955592826
C102219,1.5388479698532622e-07,250.52000963780483
C102221,1.538847969853251e-07,63.320009743985345
C102222,1.538847969853251e-07,70.65001087196092
C102223,1.538847969853251e-07,37.31000574144178
C102226,1.538847969853251e-07,25.570003934834258
C102227,1.5388479698532622e-07,244.83000941890373
C102228,1.538847969853251e-07,27.410004217982287
C102230,1.538847969853251e-07,79.54001223999676
C102231,1.538847969853251e-07,19.680003028452806
C102232,1.538847969853251e-07,77.40000595534165
C102233,1.5388479698532622e-07,216.67001111407296
C102234,1.5388479698532622e-07,187.85000722681477
C102235,1.5388479698532895e-07,331.09001018994354
C102237,1.538847969853251e-07,78.2400120399465
C102238,1.538847969853251e-07,55.04000846981923
C102241,1.538847969853251e-07,20.860003210036865
C102242,1.538847969853251e-07,90.65000464988562
C102243,1.538847969853251e-07,69.89001075500846
C102244,1.538847969853251e-07,76.73001180758048
C102246,1.538847969853251e-07,120.29000925540112
C102247,1.5388479698532622e-07,202.88000624402952
C102248,1.538847969853251e-07,75.380005799918
C102249,1.538847969853251e-07,112.39000864755617
C102250,1.538847969853251e-07,116.68000897763906
C102252,1.538847969853251e-07,9.740001498837923
C102253,1.538847969853251e-07,89.06000685249
C102255,1.538847969853251e-07,25.71000395637813
C102257,1.538847969853251e-07,82.07001262932528
C102258,1.538847969853251e-07,126.43000972782745
C102260,1.538847969853251e-07,25.91000398715509
C102261,1.538847969853251e-07,125.47001930792548
C102264,1.538847969853251e-07,77.8000059861186
C102267,1.538847969853251e-07,85.16000655241466
C102270,1.538847969853251e-07,104.39000803201698
C102273,1.538847969853251e-07,74.1700057068177
C102274,1.538847969853251e-07,76.23000586531904
C102276,1.538847969853251e-07,52.880008137428064
C102278,1.538847969853251e-07,25.640003945606196
C102279,1.538847969853251e-07,56.80000437032823
C102282,1.538847969853251e-07,20.01000307923479
C102285,1.538847969853251e-07,72.43000557293793
C102286,1.538847969853251e-07,68.9600053059478
C102287,1.538847969853251e-07,144.3100074023717
C102290,1.538847969853251e-07,-1.3100001007945425
C102292,1.538847969853251e-07,107.3600082605359
C102293,1.538847969853251e-07,21.020003234658432
C102294,1.538847969853251e-07,55.820008589849365
C102296,1.538847969853251e-07,-12.000001846617565
C102297,1.538847969853251e-07,37.340005746058324
C102300,1.538847969853251e-07,124.33000637749893
C102301,1.538847969853251e-07,38.04000585377768
C102303,1.5388479698532895e-07,1362.780069903708
C102304,1.538847969853251e-07,65.95001014870236
C102305,1.538847969853251e-07,149.64000767577366
C102307,1.538847969853251e-07,109.7800084467365
C102308,1.538847969853251e-07,66.97001030566486
C102309,1.538847969853251e-07,132.3700101848653
C102312,1.538847969853251e-07,47.920007374159475
C102313,1.538847969853251e-07,63.40000975629613
C102314,1.538847969853251e-07,44.19000680016918
C102316,1.538847969853251e-07,89.80000690942738
C102317,1.538847969853251e-07,43.130003318525645
C102319,1.538847969853251e-07,120.96001861390504
C102320,1.538847969853251e-07,137.65001059112114
C102323,1.538847969853251e-07,41.6100064031464
C102324,1.538847969853251e-07,21.670003334683553
C102325,1.538847969853251e-07,65.36001005791033
C102326,1.5388479698532622e-07,158.40001218767594
C102328,1.5388479698532622e-07,186.83000958343223
C102329,1.538847969853251e-07,55.40000852521775
C102330,1.538847969853251e-07,153.53001181296645
C102331,1.5388479698532622e-07,258.65001326743425
C102333,1.538847969853251e-07,29.270004504208007
C102334,1.538847969853251e-07,53.060004082563665
C102335,1.538847969853251e-07,47.62000366399702
C102337,1.538847969853251e-07,29.390004522674182
C102338,1.538847969853251e-07,23.440003607059644
C102339,1.538847969853251e-07,51.60000397022775
C102340,1.538847969853251e-07,86.32001328333567
C102341,1.538847969853251e-07,49.880007675773676
C102342,1.538847969853251e-07,87.34001344029818
C102343,1.538847969853251e-07,108.05000831362615
C102345,1.538847969853251e-07,88.23000678862782
C102346,1.538847969853251e-07,26.15000402408744
C102347,1.538847969853251e-07,142.4800109627529
C102348,1.538847969853251e-07,88.88001367728076
C102352,1.538847969853251e-07,56.36000867294716
C102354,1.538847969853251e-07,45.13000347241044
C102356,1.538847969853251e-07,112.48000865448098
C102358,1.538847969853251e-07,70.16001079655736
C102359,1.538847969853251e-07,106.44000545983259
C102360,1.538847969853251e-07,10.670001641950783
C102361,1.2605227932643453e-05,195.04061463091398
C102362,1.538847969853251e-07,58.030004464967384
C102366,1.538847969853251e-07,15.100002323660433
C102367,1.538847969853251e-07,38.07000585839422
C102369,1.538847969853251e-07,91.6800070540791
C102370,1.5388479698532622e-07,243.26001247800522
C102371,1.538847969853251e-07,36.160005564474254
C102372,1.538847969853251e-07,5.520000849444079
C102373,1.538847969853251e-07,20.130003097700964
C102374,1.538847969853251e-07,26.630004097952142
C102375,1.538847969853251e-07,130.9100100725294
C102376,1.538847969853251e-07,85.27001312175663
C102378,1.538847969853251e-07,61.980004768889856
C102379,1.538847969853251e-07,63.97000984401046
C102381,1.538847969853251e-07,35.56000547214338
C102382,1.5388479698532622e-07,171.27001317792457
C102383,1.2605227932643453e-05,212.4608927022422
C102384,1.5388479698532622e-07,159.03001223614964
C102385,1.5388479698532622e-07,265.270010205255
C102388,1.538847969853251e-07,22.71000349472374
C102390,1.538847969853251e-07,54.24000834671139
C102391,1.538847969853251e-07,80.5900041338586
C102392,1.5388479698532895e-07,1234.5001899707818
C102395,1.538847969853251e-07,50.790007815808835
C102396,1.538847969853251e-07,121.33000933542121
C102398,1.538847969853251e-07,18.190002799164457
C102399,1.538847969853251e-07,62.91000968089258
